,contentsid,title,tag
0,CONT_000000000500281,사려니숲길,"자연경관,커플,봄,흐림,걷기/등산,도보,친구"
1,CONT_000000000500477,우도(해양도립공원),"자연경관,맑음,아이,포토스팟"
2,CONT_000000000500349,성산일출봉(UNESCO 세계자연유산),"부모,자연경관,포토스팟"
3,CONT_000000000500270,비자림,"자연경관,흐림,걷기/등산,아이,여름"
4,CONT_000000000500618,천지연폭포,"자연경관,맑음,부모,포토스팟,여름"
5,CONT_000000000500182,만장굴,"자연경관,포토스팟,흐림,아이,여름"
6,CONT_000000000500309,새별오름,"자연경관,봄,도보,걷기/등산,아이"
7,CONT_000000000500697,협재해수욕장,"자연경관,체험,해변,맑음,액티비티,아이,여름"
8,CONT_000000000500343,섭지코지,"자연경관,커플,맑음,포토스팟,해변,가을"
9,CNTS_000000000001195,카멜리아힐,"자연경관,커플,맑음,포토스팟,아이"
10,CONT_000000000500034,거문오름(UNESCO 세계자연유산),"자연경관,커플,혼자,맑음,부모,도보,친구"
11,CONT_000000000500693,함덕해수욕장,"자연경관,체험,해변,맑음,액티비티,아이,여름"
12,CONT_000000000500496,월정리해변,"자연경관,커플,포토스팟,해변,여름"
13,CONT_000000000500685,한라산국립공원,"자연경관,사계절,포토스팟,걷기/등산,친구"
14,CONT_000000000500384,쇠소깍,"자연경관,체험,커플,맑음,액티비티,휴식/힐링,여름"
15,CNTS_000000000020476,주상절리대(중문대포해안),"자연경관,커플,맑음,포토스팟,해변,친구"
16,CONT_000000000500531,정방폭포,"포토스팟,자연경관,커플,여름"
17,CONT_000000000500438,에코랜드 테마파크,"봄,맑음,실내관광지,아이,가을"
18,CNTS_000000000020159,애월한담해안산책로,"자연경관,맑음,걷기/등산,해변,친구"
19,CNTS_000000000019331,천제연폭포,"커플,맑음,포토스팟,아이,여름"
20,CONT_000000000500283,산굼부리,"자연경관,맑음,걷기/등산,친구,가을"
21,CONT_000000000500457,오설록티뮤지엄,"커플,혼자,맑음,부모,실내관광지,아이,친구,휴식/힐링"
22,CNTS_000000000018383,황우지해안,"자연경관,체험,커플,해변,포토스팟,액티비티,친구,여름"
23,CONT_000000000500471,용머리해안,"자연경관,커플,봄,맑음,부모,해변,휴식/힐링"
24,CONT_000000000500083,김녕해수욕장,"자연경관,체험,해변,맑음,액티비티,아이,여름"
25,CONT_000000000500466,용눈이오름,"자연경관,걷기/등산,도보,친구,가을"
26,CNTS_000000000019973,한라산영실코스,"자연경관,체험,커플,사계절,혼자,부모,포토스팟,친구"
27,CONT_000000000500690,한림공원,"아이,맑음,휴식/힐링,봄"
28,CONT_000000000500565,아쿠아플라넷 제주,"실내관광지,아이,사계절"
29,CNTS_000000000001158,메이즈랜드,"부모,실내관광지,아이,포토스팟"
30,CONT_000000000500056,곽지해수욕장,"자연경관,체험,해변,맑음,액티비티,아이,여름"
31,CONT_000000000500570,제주절물자연휴양림,"자연경관,커플,걷기/등산,흐림,친구,휴식/힐링,여름"
32,CONT_000000000500564,제주실탄사격장,"체험,커플,실내관광지,액티비티,친구"
33,CONT_000000000500079,금능해수욕장,"자연경관,체험,해변,맑음,액티비티,아이,여름"
34,CONT_000000000500287,산방굴사,"부모,맑음,문화관광"
35,CNTS_000000000000597,아라고나이트 온천(디아넥스호텔),"부모,실내관광지,휴식/힐링"
36,CONT_000000000500469,용두암,"자연경관,맑음,포토스팟,해변"
37,CONT_000000000500288,산방산탄산온천,"자연경관,부모,실내관광지,흐림,아이,휴식/힐링"
38,CNTS_000000000019997,이호테우말등대,"포토스팟,맑음,커플,가을"
39,CNTS_000000000020050,보롬왓,"자연경관,커플,봄,포토스팟,친구,휴식/힐링,여름,가을"
40,CONT_000000000500707,휴애리 자연생활공원,"자연경관,봄,맑음,아이,휴식/힐링"
41,CONT_000000000500005,제주김녕미로공원,"자연경관,맑음,아이,봄"
42,CNTS_000000000020230,아침미소목장,"아이,맑음,체험,봄"
43,CNTS_000000000019970,백록담,"자연경관,커플,사계절,혼자,맑음,포토스팟,친구"
44,CONT_000000000500361,세화해변,"자연경관,커플,맑음,해변,휴식/힐링,여름"
45,CNTS_000000000018385,김경숙해바라기농장,"자연경관,커플,혼자,부모,포토스팟,아이,친구,여름"
46,CNTS_000000000021062,제주조천스위스마을,"커플,맑음,포토스팟,여름"
47,CONT_000000000500232,백약이오름,"자연경관,커플,걷기/등산,도보,친구"
48,CNTS_000000000018409,외돌개,"자연경관,맑음,포토스팟,해변,휴식/힐링,가을"
49,CNTS_000000000020139,제주레일바이크,"체험,포토스팟,액티비티,친구,가을"
50,CNTS_000000000018311,서귀포치유의숲,"부모,자연경관,도보,걷기/등산"
51,CNTS_000000000018413,광치기해변,"자연경관,봄,포토스팟,흐림,해변"
52,CONT_000000000500171,마라도(마라해양도립공원),"자연경관,맑음,부모,아이,휴식/힐링,가을"
53,CNTS_000000000019539,렛츠런파크,"액티비티,맑음,체험,아이"
54,CNTS_000000000018455,중문관광단지,"부모,아이,커플"
55,CONT_000000000500604,중문색달해수욕장,"자연경관,체험,해변,맑음,액티비티,친구,여름"
56,CONT_000000000500535,제주4.3평화공원,"커플,혼자,맑음,부모,실내관광지,흐림,아이,친구"
57,CONT_000000000500351,성읍민속마을,"자연경관,문화관광,봄,부모,아이"
58,CONT_000000000500425,애월해안도로,"자연경관,커플,맑음,해변,여름"
59,CONT_000000000500285,산방산,"자연경관,맑음,걷기/등산,가을"
60,CNTS_000000000020199,이중섭거리,"커플,맑음,걷기/등산,가을"
61,CONT_000000000500216,박물관은 살아있다,"실내관광지,문화관광,아이,사계절"
62,CNTS_000000000019535,제주레포츠랜드,"액티비티,맑음,체험,아이"
63,CNTS_000000000021240,1100고지습지,"자연경관,흐림,포토스팟,가을"
64,CONT_000000000500378,송악산,"자연경관,커플,맑음,걷기/등산,해변,친구,가을"
65,CONT_000000000500372,소인국테마파크,"실내관광지,아이,봄"
66,CONT_000000000500702,환상숲 곶자왈공원,"커플,자연경관,걷기/등산"
67,CONT_000000000500388,수월봉 지질트레일,"자연경관,맑음,걷기/등산,친구,가을"
68,CONT_000000000500577,제주하늘을날다(패러글라이딩),"액티비티,맑음,체험,친구"
69,CNTS_000000000018468,제주동백수목원,"커플,자연경관,포토스팟"
70,CNTS_000000000001191,생각하는정원,"커플,흐림,아이,휴식/힐링,가을"
71,CONT_000000000500118,다랑쉬오름(월랑봉),"자연경관,걷기/등산,도보,친구,가을"
72,CONT_000000000500156,동백동산,"자연경관,맑음,휴식/힐링,걷기/등산"
73,CONT_000000000500553,제주민속촌,"아이,문화관광,흐림,가을"
74,CNTS_000000000018384,방주교회,"문화관광,커플,사계절,맑음,부모,아이,친구"
75,CONT_000000000500312,새연교,"커플,맑음,포토스팟"
76,CONT_000000000500407,아부오름,"자연경관,커플,봄,맑음,도보,친구,가을"
77,CONT_000000000500568,제주유리의성,"커플,실내관광지,흐림,가을"
78,CONT_000000000500410,안덕계곡,"자연경관,체험,커플,봄,흐림,액티비티"
79,CONT_000000000500550,제주러브랜드[휴업중],"실내관광지,커플,가을"
80,CONT_000000000500266,붉은오름 자연휴양림,"자연경관,커플,걷기/등산,흐림,도보,휴식/힐링,가을"
81,CONT_000000000500547,제주돌문화공원,"커플,실내관광지,흐림"
82,CONT_000000000500077,선녀와나무꾼,"커플,사계절,실내관광지,흐림,아이"
83,CONT_000000000500582,제주허브동산,"맑음,커플,친구"
84,CNTS_000000000022691,오라동 청보리-메밀꽃밭,"자연경관,커플,봄,맑음,포토스팟,친구,가을"
85,CONT_000000000500689,한라수목원,"자연경관,맑음,부모,아이,휴식/힐링,여름"
86,CONT_000000000500019,감귤박물관,"실내관광지,문화관광,아이"
87,CONT_000000000500329,서귀포잠수함(대국해저관광),"아이,액티비티,체험,커플"
88,CNTS_000000000018432,가파도,"자연경관,커플,봄,맑음,포토스팟,친구,휴식/힐링"
89,CNTS_000000000020148,수월봉,"자연경관,커플,혼자,부모,포토스팟,아이,친구,휴식/힐링"
90,CNTS_000000000020611,아날로그감귤밭,"체험,커플,맑음,아이,친구"
91,CNTS_000000000021523,위미리 동백나무군락,"자연경관,커플,맑음,포토스팟,아이"
92,CONT_000000000500177,마방목지,"자연경관,문화관광,봄,맑음,포토스팟,아이"
93,CONT_000000000500267,비양도,"자연경관,맑음,아이,휴식/힐링,여름"
94,CNTS_000000000019572,신비의도로카트체험장,"체험,봄,맑음,액티비티,아이"
95,CNTS_000000000018248,"더럭초등학교(구, 더럭분교)","커플,봄,맑음,포토스팟,아이"
96,CNTS_000000000000975,녹산로유채꽃길,"자연경관,커플,봄,맑음,포토스팟,도보"
97,CONT_000000000500494,월령선인장군락지,"포토스팟,맑음,커플,여름"
98,CONT_000000000500556,제주빅볼랜드,"체험,맑음,액티비티,아이,가을"
99,CNTS_000000000018444,월정리 카약체험장,"액티비티,체험,커플,여름"
100,CONT_000000000500578,제주항공우주박물관,"실내관광지,문화관광,아이"
101,CONT_000000000500057,관덕정,"문화관광,커플,사계절,혼자,부모,실내관광지,아이,친구"
102,CONT_000000000500472,용연,"자연경관,맑음,휴식/힐링,여름"
103,CNTS_000000000022771,신화테마파크,"실내관광지,맑음,아이"
104,CNTS_000000000021772,1100고지(휴게소),"흐림,포토스팟"
105,CONT_000000000500514,일출랜드,"실내관광지,맑음,체험,아이"
106,CNTS_000000000019594,원앙폭포,"포토스팟,자연경관,커플,여름"
107,CONT_000000000500250,본태박물관,"문화관광,커플,실내관광지,흐림,친구"
108,CONT_000000000500569,렛츠런팜제주,아이
109,CONT_000000000500695,헬로키티아일랜드,"실내관광지,아이"
110,CONT_000000000500580,해녀박물관,"실내관광지,문화관광,아이"
111,CONT_000000000500442,여미지식물원,"실내관광지,맑음,커플,친구"
112,CNTS_000000000022756,브릭캠퍼스,"실내관광지,아이"
113,CNTS_000000000018309,제주베니스랜드,"아이,가을"
114,CONT_000000000500260,너븐숭이 4.3기념관,"부모,자연경관,문화관광,봄"
115,CONT_000000000500155,동굴의 다원 다희연,"커플,자연경관,흐림"
116,CNTS_000000000018300,약천사,"문화관광,부모,흐림,휴식/힐링,여름"
117,CONT_000000000500476,우도잠수함(제주씨월드),"부모,액티비티,체험,아이"
118,CNTS_000000000018415,노리매공원,"자연경관,커플,봄,맑음,포토스팟"
119,CONT_000000000500544,제주특별자치도 도립미술관,"문화관광,커플,사계절,혼자,실내관광지"
120,CONT_000000000500054,곶자왈,"자연경관,봄,흐림,걷기/등산,도보,친구,가을"
121,CONT_000000000500612,차귀도,"문화관광,자연경관,맑음,커플"
122,CONT_000000000500694,항파두리항몽유적지,"문화관광,커플,봄,친구,가을"
123,CONT_000000000500474,우도산호해변 홍조단괴 서빈백사,"자연경관,커플,맑음,포토스팟,해변,여름"
124,CONT_000000000500429,어승생,"자연경관,친구,걷기/등산,흐림"
125,CONT_000000000500555,제주별빛누리공원[제한적운영중],"실내관광지,아이"
126,CONT_000000000500551,제주목관아,"문화관광,사계절,맑음,실내관광지,흐림"
127,CONT_000000000500143,도두봉,"자연경관,커플,혼자,부모,아이,친구,휴식/힐링"
128,CONT_000000000500626,가뫼물,"자연경관,아이"
129,CNTS_000000000020299,제주올레 7코스,"자연경관,걷기/등산,도보,친구,여름"
130,CNTS_000000000019984,도순다원,"자연경관,맑음,포토스팟,봄"
131,CNTS_000000000020686,귤밭76번지,"아이,맑음,체험"
132,CONT_000000000500006,제주라프 짚라인,"체험,맑음,액티비티,친구,여름,가을"
133,CONT_000000000500046,검멀레해변,"자연경관,커플,맑음,포토스팟,해변,여름"
134,CNTS_000000000019956,케이제주씨워킹,"체험,커플,해변,맑음,액티비티,친구,여름"
135,CONT_000000000500554,제주바다체험장,"아이,사계절"
136,CNTS_000000000019460,금악오름(왕매),"자연경관,커플,걷기/등산,흐림,도보,가을"
137,CONT_000000000500403,신창~차귀해안도로,"자연경관,맑음,커플,가을"
138,CONT_000000000500202,물영아리오름,"자연경관,걷기/등산,흐림,도보,여름"
139,CONT_000000000500396,신비의도로,"자연경관,맑음,아이"
140,CONT_000000000500068,"군산(군산오름,코메오름)","자연경관,맑음,걷기/등산,도보,친구,가을"
141,CONT_000000000500099,넥슨컴퓨터박물관,"실내관광지,문화관광,아이"
142,CONT_000000000500150,북촌돌하르방미술관,"문화관광,커플,봄,맑음,부모,실내관광지,아이,친구"
143,CONT_000000000500536,제주공룡랜드[휴장중],"실내관광지,아이,가을"
144,CNTS_000000000000972,김영갑갤러리 두모악,"커플,문화관광,흐림"
145,CONT_000000000500625,초콜릿박물관,"실내관광지,문화관광,아이"
146,CONT_000000000500682,한담해변,"자연경관,커플,맑음,포토스팟,해변,여름"
147,CNTS_000000000022082,제주불빛정원 테마파크,"체험,커플,혼자,맑음,부모,아이,친구"
148,CONT_000000000500465,퍼시픽 리솜 요트투어 샹그릴라,"체험,맑음,부모,액티비티,아이,여름"
149,CONT_000000000500076,그리스신화박물관 / 트릭아이미술관,"실내관광지,문화관광,아이"
150,CNTS_000000000019979,김녕사굴,"자연경관,문화관광"
151,CONT_000000000500583,제주현대미술관,"문화관광,커플,실내관광지,포토스팟,흐림"
152,CONT_000000000500575,테디베어뮤지엄제주,"실내관광지,아이"
153,CONT_000000000500355,세계자동차 & 피아노박물관,"실내관광지,문화관광,아이,사계절"
154,CONT_000000000500141,더마파크,"체험,사계절,액티비티,맑음,아이"
155,CNTS_000000000019747,제주다원 녹차미로공원,"아이,흐림,봄"
156,CONT_000000000500168,따라비오름,"자연경관,걷기/등산,도보,친구,가을"
157,CNTS_200000000007625,도두동 무지개 해안도로,"친구,포토스팟"
158,CNTS_000000000021380,산방산 용머리해안 지질트레일,"자연경관,체험,커플,봄,맑음,걷기/등산,친구"
159,CNTS_000000000020182,관음사,"휴식/힐링,흐림,봄"
160,CNTS_000000000020151,한라산어리목코스,"자연경관,체험,커플,봄,흐림,걷기/등산,친구"
161,CNTS_000000000021169,세리월드 테마파크,"아이,액티비티,체험,실내관광지"
162,CNTS_000000000019480,시크릿가든촬영지,"포토스팟,맑음,휴식/힐링,커플"
163,CONT_000000000500552,제주센트럴파크,"아이,봄"
164,CNTS_200000000007676,신창풍차해안도로,"커플,포토스팟"
165,CNTS_000000000020003,제주커피박물관 바움 Baum,"실내관광지,문화관광,커플,친구"
166,CNTS_000000000018447,서귀포칠십리시공원,"맑음,휴식/힐링,커플,봄"
167,CNTS_200000000008633,9.81 파크,"액티비티,체험,실내관광지"
168,CONT_000000000500696,협재굴(한림공원),"부모,자연경관,흐림,포토스팟"
169,CONT_000000000500146,돈내코,"자연경관,체험,맑음,부모,액티비티,아이,여름"
170,CONT_000000000500278,사라오름,"걷기/등산,자연경관,도보,커플"
171,CONT_000000000500067,국립제주박물관,"실내관광지,문화관광,친구"
172,CNTS_000000000022805,제주해양동물박물관,"실내관광지,문화관광,아이,사계절"
173,CNTS_200000000008053,성이시돌목장,"커플,자연경관,포토스팟"
174,CNTS_000000000018435,윗세오름(웃세오름),"자연경관,친구,도보,걷기/등산"
175,CONT_000000000500567,제주유리박물관,"문화관광,실내관광지,흐림,아이,친구,가을"
176,CONT_000000000500651,테디베어사파리 테지움,"실내관광지,아이,사계절"
177,CNTS_000000000000614,비체올린,"액티비티,맑음,체험,아이"
178,CNTS_000000000020052,이니스프리제주하우스,"커플,아이,친구,사계절"
179,CNTS_000000000022135,플레이네이쳐,"맑음,문화관광"
180,CNTS_000000000018442,누웨마루거리(구 바오젠),"커플,사계절,혼자,부모,아이,친구"
181,CNTS_000000000019530,박수기정,"자연경관,포토스팟,해변"
182,CONT_000000000500417,알뜨르비행장,"자연경관,문화관광,커플,봄,흐림,친구"
183,CONT_000000000500434,엉또폭포,"포토스팟,자연경관,커플,여름"
184,CNTS_000000000020676,상효원,"맑음,봄"
185,CONT_000000000500002,김녕요트투어,"액티비티,체험,커플,여름"
186,CNTS_000000000020343,모슬포항,"해변,맑음,커플,친구"
187,CONT_000000000500103,노루생태관찰원,"자연경관,체험,맑음,흐림,액티비티,아이"
188,CNTS_200000000008001,머체왓숲길,"자연경관,도보,커플"
189,CNTS_000000000021405,아이스뮤지엄,"실내관광지,아이,사계절"
190,CNTS_000000000001196,표선해수욕장,"자연경관,체험,커플,해변,맑음,액티비티,여름"
191,CONT_000000000500335,서우봉,"자연경관,맑음,걷기/등산,봄"
192,CONT_000000000500336,제주아트서커스,"부모,실내관광지,아이,흐림"
193,CONT_000000000500504,이상한 나라의 앨리스,"커플,아이,실내관광지,사계절"
194,CNTS_000000000018478,제주올레 8코스,"자연경관,혼자,걷기/등산,도보,친구,가을"
195,CONT_000000000500327,서귀포자연휴양림,"자연경관,휴식/힐링,걷기/등산,사계절"
196,CONT_000000000500039,건강과성박물관,"실내관광지,문화관광,커플,사계절"
197,CNTS_000000000021406,김녕 지질트레일,"자연경관,체험,커플,맑음,걷기/등산,친구,가을"
198,CNTS_000000000018346,코코몽 에코파크,"실내관광지,아이,가을"
199,CNTS_000000000018362,선운정사,"문화관광,부모,포토스팟,흐림,휴식/힐링,여름"
200,CONT_000000000500588,조랑말체험공원,"체험,액티비티,실내관광지,아이,가을"
201,CONT_000000000500560,제주승마공원,"액티비티,친구,체험,커플"
202,CONT_000000000500699,혼인지,"맑음,문화관광"
203,CNTS_000000000018441,추자도,"자연경관,포토스팟,가을"
204,CONT_000000000500274,사계해변,"자연경관,커플,봄,맑음,해변,휴식/힐링"
205,CONT_000000000500545,민속자연사박물관,"실내관광지,문화관광,아이"
206,CONT_000000000500301,삼양해수욕장,"자연경관,체험,커플,해변,맑음,액티비티,친구,여름"
207,CNTS_000000000000976,신흥2리 동백마을,"부모,자연경관,체험"
208,CONT_000000000500649,탑동,"해변,휴식/힐링,흐림,여름"
209,CNTS_000000000019534,닭머르해안길,"해변,맑음,걷기/등산,도보,가을"
210,CNTS_000000000018472,김녕금속공예벽화마을,"문화관광,커플,포토스팟,흐림,가을"
211,CONT_000000000500589,조은승마장,"액티비티,체험,커플,가을"
212,CONT_000000000500688,한라생태숲,"자연경관,커플,혼자,맑음,부모,아이,친구,휴식/힐링"
213,CONT_000000000500509,이중섭미술관,"실내관광지,문화관광,커플"
214,CNTS_000000000019309,성읍랜드,"체험,커플,맑음,실내관광지,액티비티,친구,아이"
215,CONT_000000000500624,초콜릿랜드,"실내관광지,아이,사계절"
216,CONT_000000000500300,삼성혈,"부모,맑음,자연경관,문화관광"
217,CNTS_000000000018474,제주올레 1코스,"자연경관,친구,도보,걷기/등산"
218,CONT_000000000500610,지미봉,"자연경관,맑음,커플,친구"
219,CNTS_000000000019986,소천지,"자연경관,포토스팟,해변,가을"
220,CNTS_000000000000979,서귀포예술의전당,"실내관광지,문화관광,흐림,사계절"
221,CNTS_000000000020780,구엄리돌염전,"자연경관,문화관광,맑음,해변,가을"
222,CNTS_200000000007344,이호테우해수욕장,"자연경관,포토스팟,해변,휴식/힐링,여름"
223,CONT_000000000500276,사라봉,"자연경관,친구,걷기/등산"
224,CONT_000000000500237,범섬,"자연경관,맑음,휴식/힐링,포토스팟"
225,CNTS_000000000022255,익스트림제주 카약올레,"액티비티,맑음,체험,커플"
226,CNTS_000000000022743,바이나흐튼 크리스마스 박물관,"실내관광지,문화관광,아이,흐림"
227,CONT_000000000500445,연화못,"자연경관,휴식/힐링,여름"
228,CNTS_000000000018295,종달리수국길,"자연경관,커플,맑음,포토스팟,걷기/등산,도보,여름"
229,CNTS_000000000020298,제주올레 6코스,"자연경관,걷기/등산,포토스팟,도보,휴식/힐링"
230,CNTS_000000000021111,제주곶자왈도립공원,"자연경관,커플,걷기/등산,흐림,도보"
231,CONT_000000000500161,두맹이골목,"자연경관,봄,흐림,걷기/등산,포토스팟"
232,CONT_000000000500527,점보빌리지,"아이,사계절"
233,CNTS_000000000021870,전농로 서사라문화거리,"문화관광,맑음,걷기/등산,봄"
234,CONT_000000000500390,쉬리의언덕,"커플,혼자,맑음,부모,포토스팟,해변,친구,휴식/힐링"
235,CNTS_000000000000981,저지 예술인 마을,"커플,문화관광,흐림,가을"
236,CONT_000000000500207,미천굴,"자연경관,커플,맑음,포토스팟,아이,여름"
237,CONT_000000000500330,서귀포천문과학문화관,실내관광지
238,CONT_000000000500409,아프리카박물관,"실내관광지,문화관광,아이"
239,CNTS_000000000022724,피규어뮤지엄 제주,"실내관광지,아이,흐림"
240,CONT_000000000500400,신양섭지해수욕장,"자연경관,체험,커플,해변,맑음,액티비티,여름"
241,CNTS_000000000019521,제주올레 17코스,"자연경관,봄,혼자,걷기/등산,도보,친구,가을"
242,CONT_000000000500061,교래자연휴양림,"자연경관,부모,흐림,걷기/등산,아이,휴식/힐링,여름"
243,CNTS_000000000020124,용담/용두암 해안도로,"자연경관,커플,맑음,해변,가을"
244,CNTS_000000000021844,엉덩물계곡,"자연경관,커플,봄,혼자,맑음,부모,아이,친구"
245,CNTS_000000000021527,삼다수숲길 지질트레일,"자연경관,봄,혼자,흐림,걷기/등산,도보"
246,CNTS_000000000018792,제주올레 10코스,"자연경관,봄,혼자,걷기/등산,도보,친구,가을"
247,CNTS_000000000021103,청수곶자왈,"커플,맑음,도보,친구,여름"
248,CNTS_000000000019191,우도 비양도,"자연경관,봄,맑음,포토스팟,아이"
249,CNTS_000000000020030,아이리스촬영지(하얀등대),"포토스팟,맑음,커플,친구"
250,CNTS_000000000000978,성산항,맑음
251,CNTS_000000000022704,천아숲길 천아계곡,"자연경관,봄,걷기/등산,흐림,도보,아이,가을"
252,CNTS_000000000022158,유민미술관,"실내관광지,문화관광,사계절"
253,CNTS_000000000018411,알작지해변,"자연경관,커플,포토스팟,해변,가을"
254,CNTS_000000000020187,제주올레 18코스,"자연경관,봄,혼자,걷기/등산,도보,친구,가을"
255,CONT_000000000500273,빌레못동굴,"자연경관,문화관광,커플,혼자,부모,아이,친구"
256,CONT_000000000500559,제주세계자연유산센터,"실내관광지,흐림,가을"
257,CNTS_000000000022631,천왕사,"휴식/힐링,가을"
258,CNTS_000000000020013,대장금촬영지(제주민속촌),"부모,포토스팟,친구,커플"
259,CNTS_000000000020980,송당승마장,"액티비티,친구,체험,커플"
260,CNTS_000000000019754,약천사 템플스테이,"체험,커플,사계절,실내관광지,흐림,휴식/힐링"
261,CONT_000000000500406,아끈다랑쉬,"자연경관,걷기/등산,가을"
262,CNTS_000000000020288,성읍녹차마을,"커플,부모,포토스팟,아이,친구"
263,CNTS_000000000019463,제주올레 15-A코스,"커플,봄,혼자,맑음,포토스팟,도보,친구,가을"
264,CNTS_000000000022226,제주문예회관,"문화관광,사계절"
265,CNTS_000000000022737,휴림,"체험,커플,부모,액티비티,친구,아이"
266,CONT_000000000500385,쇠소깍해변,"자연경관,커플,맑음,포토스팟,해변,여름"
267,CONT_000000000500040,걸매생태공원,"자연경관,맑음,휴식/힐링,가을"
268,CONT_000000000500654,토이파크,"실내관광지,아이,사계절"
269,CNTS_000000000019750,남원큰엉해변,"자연경관,맑음,포토스팟,해변,여름"
270,CNTS_200000000008013,샤이니숲길,"자연경관,포토스팟,걷기/등산,도보,휴식/힐링"
271,CNTS_000000000022726,플레이박스VR,"아이,실내관광지,흐림,사계절"
272,CNTS_000000000020631,제주도립김창열미술관,"실내관광지,문화관광"
273,CNTS_000000000019446,금능석물원,실내관광지
274,CNTS_000000000000970,제주추사관,"실내관광지,흐림"
275,CNTS_000000000021661,보물섬하이킹,"액티비티,체험"
276,CONT_000000000500001,그린크루즈(산방산유람선),"부모,맑음,포토스팟,봄"
277,CONT_000000000500539,제주국제컨벤션센터 icc,"실내관광지,친구,사계절"
278,CNTS_000000000020959,"저지오름(닥몰오름,새오름)","자연경관,도보,걷기/등산"
279,CONT_000000000500701,화순금모래해수욕장,"자연경관,체험,커플,해변,맑음,액티비티,아이,여름"
280,CONT_000000000500310,새섬,"자연경관,맑음,포토스팟"
281,CNTS_000000000020871,싱계물 공원,자연경관
282,CNTS_000000000019464,제주카트클럽,"체험,커플,맑음,액티비티,친구,아이"
283,CONT_000000000500225,방림원,"자연경관,휴식/힐링"
284,CNTS_000000000022716,별내린전망대,"커플,봄,혼자,맑음,부모,포토스팟,아이,친구"
285,CNTS_000000000000971,하멜상선전시관,"문화관광,사계절,부모,실내관광지,포토스팟,아이,친구"
286,CONT_000000000500010,5.16도로숲터널,"자연경관,맑음,포토스팟"
287,CONT_000000000500405,쌍용굴(한림공원),"자연경관,부모,흐림,포토스팟,여름"
288,CONT_000000000500467,용담레포츠공원,"체험,해변,맑음,액티비티,친구,여름"
289,CONT_000000000500576,제주 패러글라이딩 스쿨,"액티비티,맑음,체험,커플"
290,CONT_000000000500677,하도해변,"자연경관,체험,커플,해변,맑음,액티비티,여름"
291,CNTS_000000000019652,김만덕객주,"문화관광,커플,혼자,맑음,부모,실내관광지,흐림,친구"
292,CNTS_000000000018505,마라도성당,"부모,휴식/힐링,가을"
293,CNTS_000000000019948,쇠소깍제트,"체험,커플,해변,맑음,액티비티,여름"
294,CNTS_000000000018407,낙천리아홉굿의자마을,"문화관광,맑음,아이,휴식/힐링,가을"
295,CONT_000000000500379,송악산 진지동굴,"자연경관,문화관광,커플,혼자,부모,아이,친구"
296,CNTS_000000000019568,제주국제공항,실내관광지
297,CONT_000000000500530,정물오름,"자연경관,커플,맑음,도보,친구"
298,CNTS_000000000020952,지포뮤지엄,"실내관광지,친구,커플,사계절"
299,CNTS_000000000018797,화순곶자왈생태탐방숲길,"자연경관,커플,걷기/등산,흐림,도보,친구,여름"
300,CONT_000000000500449,영주산,"자연경관,걷기/등산"
301,CNTS_000000000019654,해품은체험농장,"체험,맑음,부모,아이,친구"
302,CNTS_000000000022118,중문미로파크,"아이,체험,가을"
303,CNTS_200000000008050,한라산소주공장,"액티비티,체험,실내관광지"
304,CNTS_000000000018501,제주올레 1-1코스,"자연경관,커플,봄,혼자,맑음,도보,친구,가을"
305,CNTS_000000000020269,더마카트,"체험,커플,부모,액티비티,아이"
306,CONT_000000000500652,토끼섬,"자연경관,커플,혼자,부모,도보,친구"
307,CONT_000000000500290,산지등대,"맑음,포토스팟,친구,가을"
308,CNTS_000000000019228,자구리공원,"자연경관,커플,혼자,맑음,부모,아이,친구"
309,CONT_000000000500673,하고수동해변,"자연경관,커플,맑음,해변,친구,휴식/힐링,여름"
310,CONT_000000000500373,소정방폭포,"자연경관,커플,맑음,부모,포토스팟,아이,친구"
311,CNTS_000000000022542,판포포구,"자연경관,문화관광,해변,아이,친구,여름"
312,CNTS_000000000018801,하늘여행 행글라이더체험장,"체험,커플,액티비티,아이,친구"
313,CONT_000000000500109,논짓물,"자연경관,체험,커플,혼자,부모,액티비티,친구,아이"
314,CNTS_000000000019122,세계술박물관,"실내관광지,문화관광,친구"
315,CNTS_000000000020236,산지천,"자연경관,아이,걷기/등산"
316,CNTS_000000000019998,종달리해안도로,"맑음,커플,여름"
317,CONT_000000000500562,제주힐링명상센터,부모
318,CNTS_000000000021429,다이나믹메이즈,"아이,체험,실내관광지"
319,CONT_000000000500668,표선세화해안도로,"해변,친구,여름"
320,CONT_000000000500523,제주평화박물관(전쟁평화박물관)[휴관중],"실내관광지,문화관광,아이,가을"
321,CNTS_000000000022282,디스커버제주,"액티비티,친구,체험,커플"
322,CNTS_000000000019601,돈내코유원지,"체험,맑음,액티비티,아이,여름"
323,CNTS_000000000019854,조천함덕해안도로,맑음
324,CONT_000000000500344,섯알오름,"자연경관,문화관광,커플,혼자,부모,도보,친구,아이"
325,CNTS_000000000022556,하모씨워킹,"체험,커플,해변,맑음,액티비티,친구"
326,CONT_000000000500279,사려니오름,"자연경관,커플,봄,흐림,걷기/등산,도보"
327,CNTS_000000000018855,제주올레 5코스,"자연경관,혼자,맑음,걷기/등산,도보,친구,여름"
328,CNTS_200000000007287,흑돼지거리,사계절
329,CONT_000000000500333,서복전시관,사계절
330,CONT_000000000500503,이랜드뮤지엄,"실내관광지,아이,사계절"
331,CNTS_000000000019310,영실기암,"자연경관,체험,포토스팟,액티비티,휴식/힐링"
332,CONT_000000000500200,문섬(서귀포해양도립공원),"자연경관,커플,혼자,부모,포토스팟,해변,친구,아이"
333,CONT_000000000500518,장생의 숲길,"자연경관,혼자,걷기/등산,흐림,도보,여름"
334,CNTS_000000000022171,낙타트래킹,"액티비티,친구,체험,커플"
335,CNTS_000000000020565,우도등대,"맑음,포토스팟,친구,봄"
336,CONT_000000000500703,황금굴(한림공원),"자연경관,부모,포토스팟,아이,친구,여름"
337,CNTS_000000000019990,서귀포항,"커플,혼자,맑음,부모,아이,친구,휴식/힐링"
338,CNTS_000000000019758,조안베어뮤지엄,"아이,실내관광지,흐림,사계절"
339,CONT_000000000500541,제주난타,"부모,실내관광지,친구,커플"
340,CNTS_000000000022455,애월 한담 카약,"체험,커플,해변,맑음,액티비티,여름"
341,CNTS_000000000021525,함덕카페거리,"커플,여름"
342,CNTS_000000000021515,큰노꼬메오름,"자연경관,도보,걷기/등산,봄"
343,CONT_000000000500356,세계조가비박물관,"실내관광지,문화관광,아이,사계절"
344,CONT_000000000500286,산방산 랜드,"액티비티,친구,체험,커플"
345,CNTS_200000000008091,성산 유채꽃재배단지,"자연경관,맑음,포토스팟,봄"
346,CNTS_000000000020963,그랑블루 요트투어,"액티비티,체험,커플,여름"
347,CONT_000000000500345,성널오름 (성판악),"자연경관,도보,걷기/등산,봄"
348,CONT_000000000500205,물찻오름,"자연경관,걷기/등산,흐림,도보,여름"
349,CNTS_000000000019613,제주카약,"액티비티,맑음,체험,커플"
350,CNTS_000000000019989,어리목계곡,"자연경관,사계절,가을"
351,CNTS_000000000019909,용두암해안도로카페거리,커플
352,CONT_000000000500277,사라봉공원,"자연경관,친구,커플"
353,CNTS_000000000020734,평대리해변,"자연경관,맑음,포토스팟,해변,여름"
354,CONT_000000000500546,제주돌마을공원,"혼자,실내관광지,커플,부모"
355,CONT_000000000500698,형제섬,"자연경관,커플,혼자,포토스팟,친구"
356,CONT_000000000500124,단산(바굼지오름),"커플,혼자,부모,포토스팟,도보,친구"
357,CONT_000000000500508,이중섭거주지,"문화관광,사계절"
358,CNTS_000000000019595,1112도로,"자연경관,흐림"
359,CNTS_000000000021404,숫모르편백나무숲길,"체험,봄,흐림,걷기/등산,도보"
360,CONT_000000000500244,별방진,"맑음,자연경관,문화관광"
361,CNTS_200000000007521,덕천리 팔자 좋아 길,"도보,체험"
362,CONT_000000000500353,섶섬(서귀포해양도립공원),"자연경관,휴식/힐링,포토스팟"
363,CNTS_000000000018654,해거름전망대,"맑음,포토스팟"
364,CNTS_000000000022721,캐릭파크,"아이,실내관광지,흐림,사계절"
365,CNTS_000000000020312,제주올레 19코스,"봄,혼자,걷기/등산,도보,친구,가을"
366,CONT_000000000500050,고근산(고공산),"자연경관,맑음,걷기/등산"
367,CONT_000000000500704,황우지해안 열두굴,"자연경관,문화관광,커플,맑음,해변,친구"
368,CONT_000000000500128,"당산봉(당오름,차귀오름)","자연경관,도보,걷기/등산,가을"
369,CNTS_200000000008959,서프라이즈테마파크,"부모,아이,체험,포토스팟"
370,CNTS_000000000018728,제주올레 14코스,"자연경관,봄,혼자,걷기/등산,도보,친구"
371,CNTS_000000000018467,추사적거지,"아이,문화관광,친구"
372,CONT_000000000500316,서건도,"자연경관,휴식/힐링,포토스팟"
373,CONT_000000000500534,제주 카카오캠핑,"액티비티,친구,체험,여름"
374,CNTS_000000000020127,한국야구명예전당(야구박물관),"실내관광지,문화관광"
375,CONT_000000000500439,제주에코승마장(구.제주승마장),"체험,커플,혼자,맑음,부모,액티비티,친구,아이"
376,CNTS_000000000020012,탑동해변공연장,"커플,혼자,맑음,부모,해변,친구,아이,여름"
377,CNTS_000000000021894,장전리 벚꽃축제길,"커플,봄,맑음,포토스팟,걷기/등산,도보"
378,CNTS_000000000018406,법환포구,"자연경관,문화관광,해변"
379,CNTS_000000000019520,제주올레 16코스,"자연경관,혼자,걷기/등산,도보,친구,가을"
380,CNTS_000000000022353,서귀포 다이브센터,"체험,커플,맑음,액티비티,친구"
381,CNTS_000000000022257,타보카 월정리투명카약,"액티비티,맑음,체험,커플"
382,CONT_000000000500533,제주 삼양동 유적,"실내관광지,문화관광,아이"
383,CNTS_200000000008003,동백포레스트,"자연경관,커플,맑음,포토스팟,친구"
384,CNTS_000000000000974,납읍난대림 금산공원,"자연경관,걷기/등산,흐림,여름"
385,CNTS_000000000020639,꽃썸,"커플,혼자,부모,포토스팟,해변,친구"
386,CNTS_000000000019552,대평포구,"해변,문화관광,가을"
387,CONT_000000000500627,최영장군사당,"자연경관,문화관광,흐림,가을"
388,CONT_000000000500265,붉은오름(표선면),"자연경관,커플,사계절,혼자,맑음,부모,도보,친구"
389,CONT_000000000500241,베릿네오름,"자연경관,도보,걷기/등산"
390,CNTS_000000000022243,(주)제주해양레저 투명카약,"체험,커플,해변,맑음,액티비티,친구"
391,CNTS_000000000022637,까망고띠,"흐림,체험,사계절"
392,CONT_000000000500292,산천단,"자연경관,문화관광,휴식/힐링,사계절"
393,CNTS_000000000018371,해맞이해안로,"자연경관,맑음,커플,해변"
394,CNTS_000000000020313,제주올레 20코스,"자연경관,봄,혼자,걷기/등산,도보,친구,가을"
395,CONT_000000000500413,안돌오름,"자연경관,커플,혼자,맑음,부모,도보,친구,아이"
396,CNTS_000000000018863,섬속의섬우도렌트,"액티비티,맑음,체험"
397,CONT_000000000500376,송당본향당,"자연경관,문화관광,커플,혼자,부모,아이,친구"
398,CONT_000000000500326,서귀포시립기당미술관,"실내관광지,문화관광"
399,CNTS_000000000018421,한림항,맑음
400,CNTS_000000000018332,김만덕기념관,"문화관광,친구"
401,CNTS_000000000018480,탐나라공화국(제주남이섬),"맑음,문화관광,가을"
402,CNTS_000000000022470,허브동산 미디어 파사드 (media facade),"실내관광지,커플,여름"
403,CONT_000000000500024,강정천유원지,"자연경관,체험,맑음,액티비티,여름"
404,CNTS_200000000008314,포레스트 사파리,"아이,체험"
405,CNTS_200000000010956,스누피가든,"자연경관,체험,커플,실내관광지,포토스팟,아이,친구,휴식/힐링"
406,CNTS_000000000019892,스쿠버스쿨,"체험,커플,혼자,액티비티,친구"
407,CNTS_200000000008022,카카오본사(구 스페이스닷원),"실내관광지,문화관광,아이,포토스팟"
408,CNTS_000000000019946,귀빈사,"문화관광,흐림,봄"
409,CNTS_000000000019949,용연카누클럽,"체험,커플,맑음,포토스팟,액티비티,친구,휴식/힐링"
410,CONT_000000000500243,별도봉,"자연경관,걷기/등산,봄"
411,CNTS_000000000020195,순례자의교회,"휴식/힐링,가을"
412,CNTS_000000000018798,화순금모래해수욕장담수수영장,"체험,커플,해변,맑음,액티비티,친구,아이,여름"
413,CNTS_000000000020987,오조포구,"자연경관,문화관광,해변"
414,CNTS_000000000020296,제주올레 4코스,"자연경관,걷기/등산,도보,친구,가을"
415,CONT_000000000500522,종달리전망대,"자연경관,맑음,포토스팟,해변"
416,CONT_000000000500586,제지기오름,"자연경관,도보,걷기/등산,가을"
417,CNTS_000000000020971,산양곶자왈,"자연경관,걷기/등산,흐림,도보,가을"
418,CONT_000000000500275,사계해안도로,"자연경관,커플,맑음,포토스팟,해변,가을"
419,CONT_000000000500337,석부작박물관,"실내관광지,문화관광,흐림,사계절"
420,CNTS_000000000019656,마원,"체험,커플,맑음,부모,액티비티,친구,아이"
421,CNTS_000000000021531,엉알해안산책로,"자연경관,커플,맑음,걷기/등산,해변,가을"
422,CNTS_200000000007534,고살리숲길,"자연경관,체험,혼자,맑음,걷기/등산,도보,친구"
423,CNTS_200000000008155,보통청춘기록실 청춘사진관,"부모,아이,친구,커플"
424,CNTS_000000000022900,제주다이브 체험다이빙,"체험,커플,혼자,액티비티,친구"
425,CNTS_200000000010958,아르떼뮤지엄,"문화관광,커플,혼자,실내관광지,친구"
426,CNTS_200000000007372,한림바다체험마을,"체험,부모,액티비티,아이,여름"
427,CNTS_000000000021534,민오름(오라동),"자연경관,커플,혼자,맑음,도보,친구"
428,CONT_000000000500459,오현단,"문화관광,흐림"
429,CNTS_200000000007409,신화워터파크,"체험,사계절,액티비티,실내관광지,아이"
430,CNTS_000000000018726,제주올레 14-1코스,"자연경관,봄,혼자,도보,친구"
431,CNTS_000000000022073,제주제트,"액티비티,해변,맑음,체험"
432,CNTS_000000000020931,대정해변(하모해변),"자연경관,커플,해변,맑음,아이,친구"
433,CONT_000000000500444,연북정,"자연경관,문화관광,아이,커플"
434,CNTS_000000000022340,간세공방,"액티비티,체험,사계절"
435,CNTS_200000000009500,SM 디지털아트 뮤지엄,"문화관광,커플,사계절,혼자,부모,실내관광지,아이,친구"
436,CONT_000000000500045,검멀레동굴,"자연경관,커플,맑음,부모,포토스팟,아이,친구"
437,CNTS_000000000020314,제주올레 21코스,"자연경관,봄,혼자,걷기/등산,도보,친구,가을"
438,CNTS_000000000019768,김녕해수욕장야영장,"자연경관,체험,해변,액티비티,아이,여름"
439,CNTS_000000000018946,우도스쿠터여행,"체험,커플,맑음,액티비티,친구,가을"
440,CNTS_000000000020231,제주올레 2코스,"자연경관,봄,걷기/등산,도보,친구,가을"
441,CNTS_000000000019926,올레여행자센터,"혼자,도보,친구,커플"
442,CNTS_000000000022173,제주 더팔팔농장,"체험,커플,혼자,부모,아이,친구"
443,CNTS_000000000018419,제주대학교 가는길,"도보,맑음,걷기/등산"
444,CNTS_000000000019012,형제해안도로,"해변,맑음,가을"
445,CNTS_000000000020416,아라리오뮤지엄탑동시네마,"실내관광지,문화관광,사계절"
446,CONT_000000000500318,서귀포 궁도장(천지정),"자연경관,체험,커플,혼자,액티비티,친구"
447,CONT_000000000500540,제주국제평화센터,"실내관광지,사계절"
448,CONT_000000000500646,큰사슴이오름,"자연경관,도보,걷기/등산,봄"
449,CONT_000000000500579,제주항일기념관,"실내관광지,흐림"
450,CONT_000000000500138,대정향교,"자연경관,문화관광,흐림"
451,CONT_000000000500613,차귀도요트,"부모,액티비티,맑음,체험"
452,CNTS_000000000019988,성읍목장,"맑음,포토스팟,봄"
453,CNTS_000000000022040,제라진 제주오프로드 사파리,"액티비티,친구,체험,커플"
455,CNTS_200000000011113,레이저서바이벌M,"액티비티,친구,체험,사계절"
454,CNTS_200000000011113,레이저서바이벌M,"액티비티,친구,체험,사계절"
456,CONT_000000000500558,제주성지,"맑음,문화관광"
457,CONT_000000000500023,갓전시관[임시휴관중],"부모,실내관광지,사계절"
458,CNTS_000000000020260,서귀다원,"자연경관,커플,봄,맑음,포토스팟,친구,휴식/힐링,여름"
459,CNTS_200000000007157,사계 용머리해안 (해산물),"자연경관,문화관광,커플,혼자,부모,포토스팟,친구,휴식/힐링"
460,CONT_000000000500242,벨리타,"자연경관,액티비티,체험,흐림"
461,CNTS_000000000022377,성산포항,"자연경관,맑음,해변"
462,CNTS_200000000007377,효명사,"휴식/힐링,포토스팟"
463,CONT_000000000500004,알프스승마장포니,"액티비티,체험,흐림,가을"
464,CNTS_200000000010333,파파빌레,"부모,자연경관,체험"
465,CNTS_000000000022531,프랑스샤르망,"실내관광지,문화관광,흐림,사계절"
466,CONT_000000000500460,왈종미술관,"실내관광지,문화관광"
467,CONT_000000000500492,월대천,"자연경관,아이,휴식/힐링,여름"
468,CNTS_000000000020975,무릉곶자왈,"자연경관,걷기/등산,흐림,도보,가을"
469,CNTS_000000000020294,제주올레 3코스,"자연경관,커플,혼자,부모,포토스팟,도보,친구,휴식/힐링"
470,CNTS_000000000018885,송악카트체험장,"액티비티,맑음,체험,아이"
471,CNTS_000000000020607,아라리오뮤지엄동문모텔1,"실내관광지,문화관광"
472,CNTS_000000000018496,노을승마장,"액티비티,체험"
473,CNTS_000000000019007,제주올레 12코스,"자연경관,봄,혼자,걷기/등산,도보,친구,가을"
474,CONT_000000000500008,해피맘하우스,실내관광지
475,CNTS_000000000021250,걸매예술마을,"문화관광,커플,가을"
476,CNTS_000000000020170,서귀포층패류화석산지,"자연경관,맑음,포토스팟,해변"
477,CONT_000000000500170,라온승마클럽,"액티비티,체험,커플"
478,CNTS_000000000019470,제주해양레저,"액티비티,해변,맑음,체험"
479,CONT_000000000500537,제주교육박물관,"실내관광지,문화관광,사계절"
480,CONT_000000000500435,엉알해안,"자연경관,커플,맑음,포토스팟,해변,여름"
481,CONT_000000000500581,제주향교,"부모,문화관광,실내관광지,맑음"
482,CNTS_000000000022681,생이기정,"자연경관,맑음,걷기/등산,해변,가을"
483,CNTS_000000000020985,쇠와꽃 승마장,"체험,커플,맑음,액티비티,친구,아이"
484,CNTS_000000000019866,제주플래티늄카라반,"액티비티,맑음,체험"
485,CNTS_200000000007496,화조원,"실내관광지,체험,아이"
486,CNTS_000000000018504,"마라도등대[내부공사중, 관람불가]",포토스팟
487,CNTS_200000000007191,구좌 하도어촌계,"액티비티,체험,포토스팟"
488,CNTS_000000000019194,위미항,"해변,맑음"
489,CONT_000000000500488,원당봉,"자연경관,걷기/등산"
490,CNTS_200000000007520,신천리 벽화마을,"문화관광,걷기/등산,포토스팟"
491,CNTS_000000000019743,종달리해변,"자연경관,커플,맑음,포토스팟,해변,친구,여름"
492,CNTS_000000000018748,제주올레 9코스,"자연경관,봄,혼자,맑음,걷기/등산,도보,친구,가을"
493,CNTS_000000000022380,제주 이호털보 배낚시,"액티비티,친구,체험,커플"
494,CNTS_000000000022529,도두항,"커플,혼자,맑음,부모,아이,친구,휴식/힐링"
495,CNTS_000000000021460,돔베낭길,"자연경관,해변,걷기/등산,흐림,도보"
496,CNTS_000000000022738,들렁모루 산책길,"자연경관,맑음,걷기/등산,흐림,도보,가을"
497,CNTS_200000000007942,비자림농원,아이
498,CNTS_200000000009497,고흐의 정원,"자연경관,문화관광,체험,실내관광지"
499,CNTS_200000000008159,예래생태체험관,"부모,아이,체험,커플"
500,CONT_000000000500201,"물메(물미, 수산봉)","자연경관,커플,혼자,포토스팟,친구,휴식/힐링,가을"
501,CONT_000000000500297,삼매봉,"자연경관,커플,혼자,부모,포토스팟,아이,친구,휴식/힐링"
502,CNTS_200000000007279,막숙,"자연경관,맑음,휴식/힐링,여름"
503,CNTS_000000000020300,제주올레 7-1코스,"자연경관,봄,걷기/등산,도보,친구"
504,CNTS_000000000022063,관음사 템플스테이,"문화관광,체험,커플,사계절,흐림,휴식/힐링"
505,CONT_000000000500526,절부암,"자연경관,맑음,걷기/등산,해변"
506,CNTS_000000000022262,동산농원 딸기체험장,"아이,친구,체험,커플"
507,CNTS_000000000018456,화순리 유채꽃길,"자연경관,봄,맑음,포토스팟,걷기/등산,도보,친구"
508,CONT_000000000500153,돔베낭골,"자연경관,맑음,해변,휴식/힐링,여름"
509,CNTS_000000000019888,중문카라반,"액티비티,맑음,체험"
510,CNTS_200000000008693,제주참숯가마찜질방,
511,CNTS_000000000018729,가마오름 진지동굴,"도보,문화관광,아이,친구"
512,CNTS_200000000008635,대유ATV수렵사격랜드,"실내관광지,체험"
513,CNTS_000000000019087,모진이몽돌해변,"자연경관,맑음,포토스팟,해변,여름"
514,CONT_000000000500370,소암현중화기념관,"실내관광지,사계절"
515,CNTS_000000000019761,곽지해수욕장야영장,"자연경관,체험,해변,맑음,액티비티,아이"
516,CONT_000000000500198,문도지오름 (문돗지),"자연경관,도보,걷기/등산"
517,CNTS_000000000019004,제주올레 10-1코스,"자연경관,봄,혼자,걷기/등산,도보,친구"
518,CNTS_200000000009031,윈드1947 카트 테마파크,"체험,커플,혼자,맑음,부모,친구"
519,CNTS_000000000022460,렛츠런팜 양귀비꽃,"아이,맑음,봄"
520,CONT_000000000500075,그랑블루호(선상낚시),"액티비티,체험,커플"
521,CNTS_000000000019444,비블리아성서식물원,"실내관광지,맑음,흐림"
522,CNTS_200000000010214,액티브파크,"아이,실내관광지,사계절,체험"
523,CONT_000000000500678,하멜기념비,"문화관광,가을"
524,CNTS_000000000020880,제주워터월드,"체험,맑음,부모,실내관광지,액티비티,친구,아이"
525,CNTS_000000000018956,우도올레보트,"액티비티,맑음,체험"
526,CNTS_000000000022059,제주스쿠터여행,"체험,커플,맑음,액티비티,친구"
527,CNTS_000000000019763,귤빛캠핑장,"체험,커플,맑음,액티비티,여름"
528,CNTS_000000000022877,함덕백사장 & 서우봉,"자연경관,문화관광,커플,혼자,부모,해변,친구,아이"
529,CNTS_000000000021492,추사 유배길 - 3코스 사색의 길,"문화관광,봄,걷기/등산,도보,가을"
530,CNTS_200000000007859,게우지코지,"자연경관,커플,혼자,포토스팟,친구"
531,CONT_000000000500011,가마오름,"자연경관,도보,걷기/등산"
532,CNTS_000000000019922,조천만세동산,"문화관광,봄"
533,CNTS_000000000022881,진아영 할머니 집터,문화관광
534,CONT_000000000500362,세화해안도로,"해변,맑음,커플,여름"
535,CNTS_000000000022941,문서프,해변
536,CNTS_200000000007335,갤러리2 중선농원,"혼자,실내관광지,사계절"
537,CNTS_000000000019215,한림해안도로,"자연경관,친구,커플"
538,CONT_000000000500331,서귀포해안,"자연경관,커플,맑음,해변,친구,휴식/힐링"
539,CNTS_200000000008161,청초밭영농조합법인,"도보,체험"
540,CNTS_000000000022002,아홉굿마을 낙천리 농어촌체험마을,"아이,체험,사계절"
541,CNTS_000000000018909,대한민국최남단기념비/ 마라도 기념비,"커플,혼자,부모,포토스팟,아이,친구"
542,CNTS_000000000021008,눈물의십자가,"맑음,문화관광"
543,CNTS_000000000019818,함덕야영장,"자연경관,체험,커플,맑음,액티비티"
544,CONT_000000000500162,두산봉(말미오름),"자연경관,커플,봄,도보,친구"
545,CNTS_000000000018503,톨칸이,"자연경관,커플,혼자,포토스팟,해변,친구"
546,CNTS_000000000021375,제주기독교순례길,"문화관광,봄,흐림,걷기/등산,도보,가을"
547,CNTS_200000000007189,강정어촌계,"해변,체험,포토스팟"
549,CNTS_000000000019089,오름터 민속마을,"도보,문화관광,아이,흐림"
548,CNTS_000000000020224,왕이메오름,"자연경관,체험,혼자,도보,포토스팟,액티비티,친구,휴식/힐링"
550,CNTS_000000000001511,제주롯데스카이힐컨트리클럽,"액티비티,체험"
551,CNTS_200000000007346,설쿰바당,"자연경관,맑음,걷기/등산,포토스팟,여름"
552,CONT_000000000500196,무수천,"자연경관,휴식/힐링,여름"
553,CONT_000000000500110,높은오름,"자연경관,커플,혼자,맑음,부모,도보,친구,아이"
554,CNTS_000000000021064,김녕해안도로,"자연경관,맑음,커플,여름"
555,CNTS_000000000018340,월평포구,"문화관광,자연경관,맑음,해변"
556,CONT_000000000500572,제주쥬티클럽,"체험,커플,액티비티,해변,친구"
557,CNTS_000000000021401,발자국화석공원,"문화관광,커플,사계절,부모,포토스팟,아이"
559,CNTS_000000000022736,제주오렌지,"실내관광지,체험,아이"
558,CNTS_200000000008312,캔디원,"실내관광지,체험,아이"
560,CNTS_000000000020303,자구내포구,"문화관광,커플,혼자,부모,포토스팟,아이,친구,휴식/힐링"
561,CONT_000000000500387,수악 (물오름),"자연경관,커플,혼자,부모,포토스팟,도보,친구,휴식/힐링"
563,CONT_000000000500131,당오름(한경면),"자연경관,맑음,걷기/등산,도보,가을"
562,CNTS_200000000009490,더 플래닛(THE PLANET),"체험,커플,혼자,부모,실내관광지,아이,친구"
564,CNTS_000000000022715,성클라라수도원 금악성당,"흐림,휴식/힐링,사계절"
565,CNTS_200000000007375,감수굴 밭담길,"자연경관,맑음,도보,걷기/등산"
566,CONT_000000000500190,모구리오름,"자연경관,도보,걷기/등산"
567,CONT_000000000500226,방선문,"자연경관,휴식/힐링,봄"
568,CONT_000000000500263,붉은오름(성산읍),"자연경관,커플,혼자,맑음,부모,도보,친구"
569,CNTS_200000000009032,사진놀이터,"체험,커플,사계절,혼자,실내관광지,포토스팟,친구,휴식/힐링"
570,CONT_000000000500160,돛오름,"자연경관,도보,걷기/등산"
571,CNTS_000000000019005,제주올레 11코스,"자연경관,봄,혼자,걷기/등산,도보,친구,가을"
572,CNTS_200000000007535,감귤상웨빵 체험,"실내관광지,친구,체험,커플"
573,CNTS_200000000007158,중문색달해변(해산물),"자연경관,커플,혼자,부모,포토스팟,아이,친구,휴식/힐링"
574,CNTS_000000000018650,성김대건신부표착기념관,"실내관광지,문화관광,사계절"
575,CNTS_200000000007292,애월 하물,"자연경관,아이,사계절"
576,CONT_000000000500189,명월팽나무군락,"자연경관,문화관광,포토스팟,여름"
577,CNTS_000000000020000,도두해안도로,"맑음,커플,여름"
578,CNTS_200000000007252,해녀의 태왁,"아이,사계절"
579,CONT_000000000500169,라온골프클럽,"액티비티,친구,체험,커플"
580,CONT_000000000500134,"대수산봉(큰물뫼,물미오름)","자연경관,커플,혼자,맑음,부모,도보,친구,아이"
581,CNTS_000000000018755,서광승마장,"액티비티,친구,체험,커플"
582,CNTS_200000000007345,망장포,"혼자,자연경관,친구,커플"
583,CNTS_000000000022179,제주올레 15-B코스,"커플,봄,혼자,맑음,도보,친구,가을"
584,CNTS_200000000008615,우도봉 ATV,"액티비티,친구,체험,아이"
585,CNTS_200000000007254,레더한,커플
586,CNTS_000000000019212,조함해안도로,"자연경관,커플,혼자,맑음,부모,아이,친구"
587,CONT_000000000500233,백조일손지묘(백조일손지지),"자연경관,문화관광"
588,CNTS_000000000018443,거슨새미오름,"자연경관,커플,혼자,맑음,도보,친구,가을"
589,CNTS_000000000018929,바당미술관,"실내관광지,문화관광,커플"
590,CNTS_000000000018497,답다니탑망대,"맑음,포토스팟"
591,CNTS_000000000019115,추자도등대,"맑음,포토스팟"
592,CNTS_000000000019074,제주올레 18-1코스,"자연경관,봄,혼자,걷기/등산,도보,친구,가을"
593,CNTS_000000000020560,서광리 곶자왈생태탐방로,"도보,걷기/등산,흐림,여름"
594,CONT_000000000500209,민오름(구좌읍),"자연경관,커플,혼자,부모,도보,친구,아이"
595,CNTS_000000000021620,성산오조리해안,"자연경관,커플,맑음,포토스팟,해변"
596,CNTS_000000000020606,아라리오뮤지엄동문모텔2,"실내관광지,문화관광,사계절"
597,CNTS_000000000020277,공천포,"자연경관,문화관광,해변,친구,여름"
598,CNTS_000000000019659,골프탕탕,"액티비티,친구,체험,커플"
599,CONT_000000000500665,평화통일 불사리탑,"맑음,문화관광"
600,CNTS_000000000018460,명월성지,문화관광
601,CNTS_000000000019321,열리해안길,"커플,해변,혼자,맑음,도보,친구"
602,CONT_000000000500035,거믄여해안경승지,"자연경관,맑음,포토스팟,해변"
603,CNTS_200000000010341,수목원테마공원(야시장길&LED공원),"실내관광지,도보,체험"
604,CNTS_000000000022836,포도갤러리 in 포도호텔,"실내관광지,문화관광"
605,CNTS_000000000019639,중문승마공원,"체험,커플,봄,액티비티,친구,아이,가을"
606,CONT_000000000500206,"미악산 (턥오름, 쌀오름, 솔오름)","자연경관,커플,혼자,맑음,부모,도보,친구,아이"
607,CONT_000000000500401,신양해안도로,"자연경관,커플,맑음,해변,친구"
608,CONT_000000000500454,오백나한,"자연경관,포토스팟"
609,CNTS_000000000018727,제주올레 13코스,"자연경관,봄,혼자,걷기/등산,도보,친구"
610,CONT_000000000500129,당오름,"자연경관,커플,혼자,맑음,도보,친구"
611,CNTS_000000000019199,송당리,"휴식/힐링,봄"
612,CNTS_200000000007522,이호-내도 해안도로,포토스팟
613,CNTS_200000000008034,소라의성,"실내관광지,문화관광"
614,CNTS_200000000007490,봉쥬르봉봉,혼자
615,CNTS_000000000019350,우도 봉수대,문화관광
616,CONT_000000000500616,"천아오름(틍낭오름,天娥岳)","자연경관,걷기/등산,흐림,도보,친구,아이"
617,CNTS_000000000022065,백제사 템플스테이,"문화관광,체험,커플,사계절,흐림,휴식/힐링"
619,CNTS_000000000019573,애월환해장성,"자연경관,문화관광,가을"
618,CONT_000000000500391,스프링데일CC,"액티비티,체험"
620,CNTS_000000000018516,나바론절벽,"자연경관,포토스팟,가을"
621,CONT_000000000500600,좌보미오름,"자연경관,커플,혼자,맑음,도보,친구"
622,CONT_000000000500026,개오름,"자연경관,커플,혼자,맑음,도보,친구"
623,CNTS_200000000007916,핸즈웍스,체험
624,CONT_000000000500672,핀크스 골프클럽,"액티비티,체험"
625,CNTS_000000000021251,"고내봉(고내오름,고니오름,망오름)","자연경관,봄,맑음,걷기/등산,도보"
626,CNTS_000000000019104,추자도 숭어체험장,"체험,커플,포토스팟,액티비티,친구"
627,CNTS_000000000018757,한라승마장,"체험,커플,액티비티,친구,가을"
628,CNTS_200000000007378,신효베스트마을,아이
629,CNTS_200000000007492,미요캔들,"친구,체험,커플"
630,CNTS_200000000009752,뽀로로&타요 테마파크 제주,"체험,맑음,실내관광지,흐림,아이"
631,CONT_000000000500295,삼각봉,"자연경관,커플,사계절,혼자,부모,포토스팟,친구"
632,CONT_000000000500186,매오름,"자연경관,커플,혼자,맑음,도보,친구"
633,CNTS_000000000021516,삼의악트레킹코스,걷기/등산
634,CONT_000000000500239,법화사지,"문화관광,커플,혼자,부모,포토스팟,아이,휴식/힐링"
635,CNTS_200000000007634,법정사,"문화관광,체험"
636,CONT_000000000500213,민오름(조천읍),"자연경관,체험,도보,포토스팟,액티비티,휴식/힐링"
637,CNTS_000000000021433,천주교 순례길 - 김대건길,"문화관광,봄,흐림,걷기/등산,도보,가을"
638,CNTS_200000000007493,이로이로공방,"혼자,친구,체험,휴식/힐링"
639,CNTS_000000000019073,후포해변,"자연경관,포토스팟,해변"
640,CNTS_000000000020155,맬튼개 갯담,"커플,부모,해변,친구,아이,휴식/힐링"
641,CNTS_000000000000982,큰바리메오름,"자연경관,커플,사계절,혼자,도보,친구,휴식/힐링"
642,CONT_000000000500364,소남머리,"자연경관,커플,혼자,부모,포토스팟,아이,친구"
643,CNTS_200000000007410,액트(AC.lll.T) 볼링장,"실내관광지,체험,사계절"
644,CNTS_200000000007861,남내소,"자연경관,체험,커플,포토스팟,아이,친구,휴식/힐링"
645,CNTS_200000000008851,아일랜드에프,체험
646,CONT_000000000500418,"알밤(알바매기, 알밤오름)","자연경관,커플,혼자,맑음,부모,도보,친구,아이"
647,CONT_000000000500422,알오름(성산읍),"자연경관,커플,맑음,도보,친구"
648,CNTS_000000000019554,광령귤나무,자연경관
649,CNTS_000000000022459,산방산 수국,"자연경관,커플,맑음,포토스팟,걷기/등산,친구,여름"
650,CONT_000000000500121,다려도,"자연경관,휴식/힐링,포토스팟,해변"
651,CNTS_000000000021058,성읍승마장,"액티비티,체험"
652,CONT_000000000500524,절물오름(큰대나),"자연경관,커플,봄,걷기/등산,도보,친구"
653,CNTS_200000000007677,남수각 하늘길 벽화거리,"포토스팟,도보,문화관광,커플"
654,CONT_000000000500087,남문지못,"자연경관,문화관광"
655,CNTS_000000000022842,다랑쉬굴,문화관광
656,CNTS_000000000021487,추사 유배길 - 1코스 집념의 길,"문화관광,봄,흐림,걷기/등산,도보,가을"
657,CONT_000000000500262,불탑사 (5층석탑),"문화관광,커플,사계절,혼자,부모,아이,친구"
658,CNTS_000000000020983,성산~세화 해안도로,"자연경관,커플,맑음,해변,여름"
659,CNTS_200000000008043,신산공원,"걷기/등산,자연경관,휴식/힐링,아이"
660,CNTS_200000000007918,손방둥이 ,체험
661,CNTS_000000000001530,세인트포골프장,"액티비티,체험"
662,CONT_000000000500215,바늘오름,"자연경관,체험,도보,포토스팟,액티비티,휴식/힐링"
664,CONT_000000000500359,세미오름(삼의양오름),"자연경관,커플,혼자,부모,도보,친구,아이"
663,CNTS_200000000011133,"그대, 나의 뮤즈 : 클림트 to 마티스","부모,커플,문화관광,사계절"
665,CONT_000000000500599,존자암지,"맑음,자연경관,문화관광"
666,CNTS_200000000007225,김녕 청굴물,"자연경관,액티비티,체험,여름"
667,CNTS_000000000022753,하도리 철새도래지,"자연경관,맑음,포토스팟,해변"
668,CNTS_200000000008018,어린이교통공원,"체험,액티비티,실내관광지,포토스팟,아이"
669,CNTS_000000000018514,봉글레산,"자연경관,맑음,걷기/등산"
670,CONT_000000000500293,산천단곰솔,"자연경관,커플,혼자,부모,친구,휴식/힐링"
671,CONT_000000000500374,손지오름,"자연경관,도보,걷기/등산"
672,CNTS_000000000018795,창고천생태공원,"자연경관,걷기/등산,흐림,봄"
673,CNTS_200000000009473,중앙병원,
674,CONT_000000000500212,민오름(봉개동),"자연경관,도보,걷기/등산"
675,CNTS_200000000007463,로로 요가,"혼자,맑음,휴식/힐링,친구"
676,CNTS_000000000019692,비양도등대,"맑음,포토스팟,봄"
677,CNTS_000000000018513,돈대산,"자연경관,맑음,커플,친구"
678,CNTS_000000000019886,원앙카라반캠핑장앤야영장,"체험,맑음,액티비티,친구,여름"
679,CNTS_000000000021391,예래해안도로,"자연경관,커플,혼자,맑음,부모,해변,친구,아이"
680,CNTS_000000000021528,노을해안로,"자연경관,혼자,걷기/등산,해변,가을"
682,CONT_000000000500038,거친오름,"자연경관,커플,혼자,맑음,부모,도보,친구"
681,CNTS_000000000022066,금룡사 템플스테이,"문화관광,체험,커플,사계절,흐림,휴식/힐링"
683,CNTS_200000000007919,행원육상양식단지,휴식/힐링
684,CONT_000000000500256,부영컨트리클럽,"액티비티,체험"
685,CONT_000000000500346,성불오름,"자연경관,커플,혼자,부모,도보,친구,아이"
686,CNTS_200000000010338,환상숲곶자왈 담앙족욕,체험
687,CNTS_000000000020964,고내리포구,"자연경관,커플,혼자,부모,해변,친구"
688,CNTS_000000000018449,와흘본향당,문화관광
689,CNTS_000000000022752,이승이오름(이승악),"자연경관,도보"
690,CNTS_000000000018510,마라도기원정사,문화관광
691,CNTS_000000000018446,알진오름(안친오름),"자연경관,커플,혼자,맑음,부모,도보,친구,아이"
692,CNTS_000000000019551,곽지패총,"자연경관,문화관광"
693,CNTS_200000000007278,농개,"자연경관,맑음,해변,휴식/힐링,여름"
694,CNTS_000000000021520,족은노꼬메오름,"자연경관,커플,봄,걷기/등산,도보"
695,CNTS_000000000022069,법화사,문화관광
696,CNTS_200000000007658,한라산 아래 첫 마을,"아이,체험,포토스팟"
697,CNTS_200000000008032,거인의 정원,"실내관광지,문화관광"
698,CNTS_200000000009496,제주신화전설탐방로,"자연경관,체험,커플,혼자,부모,아이,친구"
699,CNTS_000000000022541,이호털보네배낚시,"액티비티,친구,체험"
700,CNTS_200000000008153,포토갤러리 자연사랑미술관,"실내관광지,문화관광"
701,CNTS_000000000021435,천주교 순례길 - 하논성당길,"도보,문화관광,가을,봄"
702,CNTS_000000000019003,제주국제예술센터,"실내관광지,흐림,사계절"
703,CONT_000000000500484,웃세오름(누운오름),"자연경관,친구,도보,걷기/등산"
704,CONT_000000000500017,각시바우오름,"자연경관,커플,혼자,맑음,도보,친구"
705,CNTS_000000000021622,기독교순례길 1코스(순종의길),"문화관광,봄,흐림,걷기/등산,도보,가을"
706,CNTS_000000000022037,조이다이브,"체험,커플,해변,맑음,액티비티,친구"
707,CNTS_000000000021261,협재포구,"자연경관,커플,맑음,해변,친구"
708,CNTS_000000000022006,참살이마을 명도암 농어촌체험마을,"체험,커플,사계절,흐림,친구"
709,CNTS_000000000022516,월정리해안도로,"자연경관,커플,맑음,포토스팟,해변,여름"
710,CNTS_200000000010334,관음사 야영장,"자연경관,체험"
711,CNTS_000000000020247,협자연대,문화관광
712,CNTS_200000000008016,갑자기 히어로즈 벽화길,"커플,포토스팟,도보,친구,아이"
713,CNTS_000000000021461,구엄포구,"문화관광,자연경관,맑음,해변"
714,CNTS_000000000020961,금능포구,"자연경관,문화관광,아이,해변"
715,CNTS_000000000018104,중문컨트리클럽,"액티비티,체험"
716,CNTS_000000000022008,테우마을 수원리 농어촌체험마을,"아이,체험,흐림,사계절"
717,CNTS_200000000010337,WE호텔 웰니스센터,
718,CNTS_200000000007661,맛있는 철학자(태반의땅제주),"아이,친구,사계절"
719,CNTS_200000000010953,도치돌 알파카목장,"자연경관,체험,커플,사계절,맑음,흐림,아이,휴식/힐링"
720,CNTS_200000000007281,정모시쉼터,"자연경관,맑음,친구,휴식/힐링,여름"
721,CNTS_000000000019077,추자등대,"맑음,포토스팟,가을"
722,CONT_000000000500193,모슬봉 (모슬개오름),"자연경관,커플,혼자,맑음,부모,도보,친구,아이"
723,CNTS_000000000021475,평대해변,"자연경관,커플,포토스팟,해변,친구,여름"
724,CNTS_000000000021473,구좌해안로,"해변,맑음,걷기/등산"
725,CNTS_000000000020105,곤물,"자연경관,문화관광"
726,CNTS_000000000020371,하예포구(예래포구),"자연경관,문화관광,여름,해변"
727,CNTS_000000000022519,우도봉 풍경,"자연경관,맑음,포토스팟"
728,CONT_000000000500609,지그리오름 (큰지그리),"자연경관,도보,걷기/등산"
729,CNTS_000000000021985,제주오름승마랜드,"체험,커플,맑음,도보,액티비티"
730,CNTS_000000000019852,조천비석거리,문화관광
731,CONT_000000000500655,통오름,"자연경관,체험,커플,혼자,도보,포토스팟,액티비티,친구"
732,CONT_000000000500247,"보롬이(하논, 화구구)","자연경관,맑음,커플,친구"
733,CNTS_000000000021411,보목포구,"자연경관,커플,혼자,맑음,부모,해변,친구,아이"
734,CONT_000000000500027,개오리오름,"자연경관,커플,맑음,도보,친구"
735,CNTS_200000000007659,푸른콩 방주영농조합법인,체험
736,CNTS_000000000022003,쉼터마을 유수암리 농어촌체험마을,"아이,체험,흐림,사계절"
737,CNTS_000000000018869,산호레저,"액티비티,맑음,체험"
738,CNTS_200000000008211,굿다이버,"액티비티,체험"
739,CNTS_000000000019536,가메오름,"자연경관,맑음,도보,걷기/등산"
740,CNTS_000000000019084,섬생이,"자연경관,휴식/힐링"
741,CNTS_200000000010342,옷귀마테마타운,"자연경관,체험"
742,CONT_000000000500516,"자배봉(자배오름,망오름)","자연경관,도보,걷기/등산"
743,CNTS_000000000021207,북촌포구,"맑음,자연경관,문화관광,해변"
744,CNTS_000000000022874,자리왓,"자연경관,문화관광"
745,CNTS_000000000021028,온평리 포구,"자연경관,문화관광,해변,봄"
746,CNTS_000000000018894,고산일과해안도로,"해변,맑음,커플"
747,CONT_000000000500163,둔지봉,"자연경관,걷기/등산"
748,CONT_000000000500360,세미오름(샘이오름),"자연경관,도보,걷기/등산"
749,CNTS_200000000010336,취다선리조트,커플
750,CNTS_200000000007190,안덕면 사계어촌계,"해변,체험,포토스팟"
751,CONT_000000000500660,"판포오름 (널개오름, 板浦岳)","자연경관,도보,걷기/등산"
752,CNTS_000000000019566,수산저수지,"자연경관,휴식/힐링,포토스팟"
753,CONT_000000000500130,당오름(안덕면),"자연경관,도보,걷기/등산"
754,CNTS_000000000021512,평대리불턱,문화관광
756,CNTS_200000000008026,용담 1동 벽화거리,"문화관광,포토스팟"
755,CNTS_000000000022849,제주국제공항(정뜨르비행장),문화관광
757,CNTS_200000000009483,제주한라병원,
758,CNTS_000000000021055,천지연기정길,"자연경관,도보,걷기/등산"
759,CNTS_000000000021254,누운오름(한림읍),"자연경관,친구,도보,걷기/등산"
761,CNTS_000000000019454,비양도의 비양나무자생지,"자연경관,커플,맑음,부모,아이,친구,휴식/힐링"
760,CONT_000000000500451,영천악(영천오름),"자연경관,커플,혼자,맑음,포토스팟,도보,친구"
762,CNTS_000000000018320,동거문이오름,"자연경관,도보,걷기/등산"
763,CNTS_000000000020936,당케산물(당케포구),"자연경관,문화관광,해변"
765,CNTS_000000000021623,기독교순례길 2코스(순교의길),"문화관광,봄,걷기/등산,도보,가을"
764,CNTS_000000000021097,형제해안로전망대,"커플,혼자,부모,포토스팟,해변,친구,아이,휴식/힐링"
766,CNTS_000000000022469,제주글램핑 (무한자미향),"체험,커플,맑음,액티비티,친구"
767,CONT_000000000500125,단산과 방사탑,"자연경관,문화관광"
768,CNTS_000000000019556,금덕무환자나무및팽나무군락,"자연경관,문화관광"
769,CNTS_200000000008597,팀케이,"액티비티,체험,해변"
770,CNTS_000000000019114,묵리마을,"혼자,친구,휴식/힐링,커플"
771,CONT_000000000500436,에버리스 골프리조트,"액티비티,체험"
772,CNTS_200000000007473,가파도 마라도 정기여객선,
773,CNTS_000000000019448,귀덕연대,"문화관광,봄"
774,CNTS_000000000001510,제주힐CC,"액티비티,체험"
775,CNTS_000000000019197,중문골프장,"체험,커플,맑음,부모,액티비티,친구"
776,CONT_000000000500389,수월이못,"자연경관,문화관광,커플,혼자,부모,아이,친구,휴식/힐링"
777,CNTS_200000000008020,어영공원,"휴식/힐링,자연경관,아이,포토스팟"
778,CNTS_200000000008895,차귀도유람선,"자연경관,도보,체험"
779,CNTS_000000000021463,선흘1리,"문화관광,흐림,사계절"
780,CNTS_200000000007940,고사리숲,"자연경관,아이,체험"
781,CONT_000000000500033,거린오름 (북오름),"자연경관,도보,걷기/등산"
782,CNTS_000000000019901,제주돌하르방캠핑장,"체험,맑음,액티비티,친구,여름"
783,CNTS_200000000010313,제주해양레저파크,"자연경관,체험"
784,CONT_000000000500253,부대악오름,"자연경관,도보,걷기/등산"
785,CNTS_200000000008029,추억애거리,포토스팟
786,CNTS_000000000021292,강병대교회,"문화관광,가을"
787,CNTS_200000000009472,제주대학교병원,
788,CNTS_000000000022935,백년초농장박물관,"실내관광지,문화관광,체험"
789,CONT_000000000500659,파군봉(바굼지오름),"자연경관,도보,걷기/등산"
790,CNTS_200000000008028,진빌레 밭담길,"자연경관,체험,커플,맑음,부모,도보,아이"
791,CONT_000000000500299,삼사석,"자연경관,문화관광,커플,혼자,부모,아이,친구"
792,CNTS_200000000007310,문화빳데리 충전소,"실내관광지,사계절"
793,CONT_000000000500015,가세오름,"자연경관,도보,걷기/등산"
794,CONT_000000000500513,정의현 일관헌,"맑음,자연경관,문화관광"
795,CNTS_000000000019570,애월연대,"문화관광,혼자,맑음,부모,포토스팟,아이,친구"
796,CONT_000000000500486,웃세오름(족은오름),"자연경관,친구,도보,걷기/등산"
797,CNTS_000000000021612,볼레낭길,"자연경관,도보,걷기/등산"
798,CNTS_000000000021167,현사포구,"자연경관,친구,커플"
799,CNTS_200000000007192,남원 위미2리 어촌계,"해변,체험,포토스팟"
800,CNTS_000000000020100,돈대산산림휴양산책로,"자연경관,맑음,걷기/등산,흐림"
801,CNTS_200000000010339,씨에스호텔 프라이빗스파,
802,CNTS_000000000019919,토종닭유통특구교래삼다수마을,
803,CNTS_000000000018457,민속해안로,"혼자,해변,맑음,걷기/등산"
804,CNTS_200000000007533,내창트레킹,"자연경관,체험,혼자,맑음,걷기/등산,친구"
805,CNTS_000000000021408,다끄네포구(용담포구),"자연경관,문화관광,커플,혼자,해변,친구"
806,CNTS_200000000007939,신효 생활개선회,아이
807,CNTS_000000000022862,북촌국민학교,문화관광
808,CNTS_000000000022845,다랑쉬마을,문화관광
809,CONT_000000000500223,밧돌오름,"자연경관,커플,혼자,맑음,부모,도보,친구,아이"
810,CNTS_000000000022390,병악현무암지대,"자연경관,해변"
811,CONT_000000000500271,비치미오름,"자연경관,커플,혼자,부모,포토스팟,도보,친구,아이"
812,CNTS_000000000022067,금룡사,"문화관광,휴식/힐링,사계절"
813,CNTS_000000000022032,라신동,문화관광
814,CNTS_200000000007852,제주인디,체험
815,CNTS_200000000010335,물뫼힐링팜,"자연경관,체험"
816,CNTS_000000000018521,신대산전망대,"체험,커플,혼자,부모,포토스팟,액티비티,친구,휴식/힐링"
817,CONT_000000000500700,화북비석거리,문화관광
818,CONT_000000000500145,독자봉,"자연경관,커플,맑음,아이,친구"
819,CONT_000000000500515,입산봉(삿갓오름),"자연경관,혼자,맑음,도보,친구"
820,CNTS_000000000021060,월령포구,"자연경관,문화관광,커플,친구"
821,CNTS_000000000021434,천주교 순례길 - 김기량길,"문화관광,봄,흐림,걷기/등산,도보,가을"
822,CNTS_000000000019117,엄바위장승,문화관광
823,CNTS_000000000019450,배령연대,문화관광
824,CONT_000000000500369,소수산봉(족은물뫼),"자연경관,커플,혼자,부모,아이,친구"
825,CONT_000000000500159,동알오름,"자연경관,도보,걷기/등산"
826,CNTS_000000000021642,가파초등학교 마라분교장,"사계절,맑음,포토스팟"
827,CNTS_000000000021511,온평리 환해장성,"자연경관,문화관광,커플,사계절,해변,친구"
828,CNTS_200000000008011,느지리오름(망오름),"자연경관,맑음,도보,걷기/등산"
829,CNTS_000000000019113,상추자항,"혼자,맑음,친구"
830,CNTS_000000000021635,삼양해안도로,"자연경관,맑음,커플,해변"
831,CONT_000000000500013,가문이오름(감은이오름),"자연경관,커플,혼자,맑음,도보,친구,가을"
832,CONT_000000000500154,동계 정온 유허비,문화관광
833,CNTS_200000000009866,목장카페 드르쿰다,"자연경관,체험,실내관광지"
834,CNTS_000000000021378,제주불교성지 순례길 절로가는길 - 선정의 길,"문화관광,봄,흐림,걷기/등산,도보,가을"
835,CNTS_000000000019475,제주레이크힐스컨트리클럽,"액티비티,체험"
836,CNTS_000000000021006,대포포구,"자연경관,문화관광,해변"
837,CNTS_000000000018867,등머을레져,"액티비티,맑음,체험"
838,CONT_000000000500596,족은바리메,"자연경관,맑음,커플,친구"
839,CNTS_000000000021390,김녕항,"혼자,자연경관,맑음,해변"
840,CONT_000000000500375,송계순집터,"맑음,자연경관,문화관광,사계절"
842,CONT_000000000500194,모지오름,"자연경관,체험,혼자,도보,포토스팟,액티비티,친구,휴식/힐링"
841,CNTS_200000000008025,산지천갤러리,"실내관광지,포토스팟,사계절"
843,CNTS_200000000007280,오래물,"자연경관,맑음,여름"
844,CNTS_200000000007223,태웃개,"자연경관,아이,여름"
845,CNTS_000000000019558,남두연대,"부모,아이,문화관광"
846,CNTS_000000000022852,곤흘동(곤을동) 마을터,문화관광
848,CNTS_000000000018475,방일리공원,"자연경관,휴식/힐링"
847,CNTS_200000000008156,대정현역사자료전시관,"실내관광지,문화관광,아이,친구"
849,CNTS_200000000007218,중엄리새물,"자연경관,포토스팟"
850,CNTS_000000000021452,하논마르,"걷기/등산,흐림"
851,CNTS_000000000021491,추사 유배길 - 2코스 인연의 길,"문화관광,봄,걷기/등산,도보,가을"
852,CNTS_000000000021407,옹포포구,"자연경관,커플,해변"
853,CNTS_200000000008832,스위트몽키,"부모,실내관광지,체험,아이"
854,CNTS_000000000021402,한동환해장성,"자연경관,문화관광,포토스팟"
855,CNTS_000000000022030,신천리(용궁올레),"커플,해변,맑음,포토스팟,도보,친구,휴식/힐링"
857,CONT_000000000500489,원수악,"자연경관,맑음,커플,친구"
856,CNTS_000000000022879,천제연폭포 & 제주4.3중문면희생자위령비,"문화관광,흐림,커플,친구"
858,CNTS_200000000010697,바릇스파 ,
859,CNTS_000000000021514,용수항,"문화관광,커플,혼자,해변,친구"
860,CNTS_000000000018458,바람모루,"부모,자연경관,아이,걷기/등산"
861,CONT_000000000500482,"웃밤(웃바매기,웃밤오름)","자연경관,도보,걷기/등산"
862,CONT_000000000500259,북오름,"자연경관,커플,혼자,부모,도보,친구,아이"
863,CONT_000000000500191,모라이,"자연경관,걷기/등산"
864,CNTS_200000000007255,캘리그라피 오월,체험
865,CONT_000000000500135,"대왕산 (왕뫼, 왕메, 왕미)","자연경관,커플,혼자,맑음,부모,아이,친구"
866,CNTS_200000000008054,고내리 다락쉼터,
867,CNTS_000000000021526,솔동산8경,"맑음,자연경관,문화관광"
868,CNTS_000000000018860,해비치컨트리클럽제주,"액티비티,맑음,체험"
869,CNTS_200000000008792,김영수도서관,"실내관광지,문화관광"
870,CNTS_000000000018117,제주컨트리클럽,"액티비티,체험"
871,CNTS_000000000021178,동복환해장성,"문화관광,흐림"
872,CNTS_000000000021384,제주불교성지 순례길 절로 가는길 - 보시의 길,"문화관광,봄,걷기/등산,도보,가을"
873,CNTS_000000000019095,참굴비조형물,"커플,봄,혼자,부모,포토스팟,친구,여름,가을"
874,CNTS_200000000007342,문화공간 양,"혼자,실내관광지,사계절"
875,CNTS_000000000021510,신산환해장성,"자연경관,문화관광,흐림"
877,CONT_000000000500217,발이오름,"자연경관,도보,걷기/등산"
876,CNTS_200000000009474,한국병원,
878,CNTS_000000000021575,알오름(표선면),"자연경관,도보,걷기/등산"
879,CONT_000000000500151,돔박이오름 (동박악),"자연경관,커플,맑음,도보,친구,가을"
880,CONT_000000000500414,"안세미 (명도오름,明道岳)","자연경관,도보,걷기/등산"
881,CNTS_000000000021382,제주불교성지 순례길 절로 가는길 - 인욕의 길,"맑음,도보,문화관광,걷기/등산"
882,CNTS_000000000021626,기독교순례길 4코스(화해의길),"문화관광,봄,흐림,걷기/등산,도보,가을"
883,CNTS_000000000019082,예초리기정길,"자연경관,도보,걷기/등산"
884,CONT_000000000500653,토산봉(망오름),"자연경관,혼자,맑음,도보,친구"
885,CNTS_000000000022005,문화예술마을 저지리 농어촌체험마을,"체험,커플,사계절,흐림,친구"
886,CONT_000000000500491,월나봉(도래오름),"자연경관,커플,맑음,도보,친구"
887,CNTS_000000000020923,무릉도원마을,"커플,혼자,부모,아이,친구"
888,CONT_000000000500195,묘산봉 (괴살메),"자연경관,커플,혼자,맑음,친구"
889,CNTS_200000000010798,휘닉스 르쏠레이테라피,체험
890,CNTS_000000000020935,동일리포구,"자연경관,문화관광,해변"
891,CONT_000000000500608,지그리오름,"자연경관,도보,걷기/등산"
892,CNTS_000000000018744,무등이왓터,"문화관광,맑음"
893,CNTS_000000000021625,기독교순례길 3코스(사명의길),"도보,문화관광,가을,봄"
894,CONT_000000000500144,도리미오름,"자연경관,커플,혼자,맑음,부모,도보,친구,아이"
895,CNTS_000000000022869,큰넓궤,"자연경관,문화관광"
896,CNTS_200000000011773,캐니언파크,"체험,커플,실내관광지,아이,친구"
897,CNTS_000000000022864,낙선동 4.3성,문화관광
898,CONT_000000000500179,마오름(한경),"자연경관,도보,걷기/등산"
899,CNTS_000000000021522,공천포구,"자연경관,커플,혼자,부모,포토스팟,해변,친구,아이"
900,CNTS_000000000019090,묵리해안쉼터,"해변,문화관광"
901,CONT_000000000500366,소병악 (족은오름),"자연경관,혼자,맑음,도보,친구"
902,CNTS_200000000007858,월라봉(효돈),자연경관
903,CNTS_000000000022121,황우럭만화천국사회적협동조합,"아이,친구"
904,CNTS_200000000009481,조선한의원,
905,CNTS_200000000007941,제주다,아이
906,CNTS_000000000020929,신도포구,"자연경관,문화관광,해변"
907,CNTS_000000000018507,마라도관광쉼터,부모
908,CNTS_000000000021036,용둠범목제계단길,"도보,걷기/등산"
909,CNTS_000000000021099,평수포구,"해변,문화관광"
910,CNTS_000000000019305,정의향교,"문화관광,부모,포토스팟,아이,친구,휴식/힐링"
911,CNTS_200000000007343,예술공간 이아,
912,CNTS_200000000009480,서귀포의료원,
913,CNTS_200000000008074,심헌갤러리,"실내관광지,문화관광,포토스팟"
914,CNTS_200000000007491,유리멘탈 스튜디오,"혼자,친구,체험,휴식/힐링"
915,CNTS_200000000010799,제주여가마을,체험
916,CNTS_200000000007860,월라사,"문화관광,휴식/힐링,가을"
917,CNTS_000000000021074,세화항,"자연경관,맑음"
918,CNTS_000000000021627,천주교길 정난주길(고통의길),"문화관광,봄,흐림,걷기/등산,도보,가을"
919,CNTS_000000000022007,풋감마을 소길리 농어촌체험마을,"체험,커플,사계절,흐림,도보,친구"
920,CNTS_000000000019458,옹포천,"자연경관,맑음,휴식/힐링"
921,CNTS_000000000021259,문석이오름,"자연경관,커플,혼자,맑음,부모,도보,친구,아이"
922,CNTS_000000000021517,금성포구,"자연경관,문화관광,해변"
923,CNTS_000000000022866,목시물굴,문화관광
924,CNTS_000000000020966,굴동포구,"자연경관,문화관광,해변"
925,CNTS_000000000021184,북촌환해장성,"문화관광,혼자,부모,흐림,아이"
926,CNTS_000000000019079,신대해안,"자연경관,포토스팟,해변"
927,CNTS_200000000008052,청수성결교회,"실내관광지,문화관광,휴식/힐링"
928,CNTS_000000000019100,예초리포구,"해변,문화관광"
929,CONT_000000000500597,족은사슴이오름,"자연경관,커플,혼자,부모,도보,친구,아이"
930,CNTS_000000000022029,우도 득성이코지,"자연경관,맑음,포토스팟"
931,CNTS_000000000021383,제주불교성지 순례길 절로 가는길 - 지계의 길,"도보,문화관광,흐림,걷기/등산"
932,CNTS_200000000007465,쁘램 요가,"혼자,휴식/힐링"
933,CNTS_000000000021080,신창리포구,"자연경관,문화관광,커플,해변"
934,CNTS_000000000018445,삼화포구,"자연경관,문화관광,해변"
935,CNTS_000000000021530,사계항,"문화관광,맑음"
936,CNTS_200000000009412,까끄래기오름,"자연경관,체험,도보,포토스팟,액티비티,휴식/힐링"
937,CNTS_000000000021187,화북환해장성,문화관광
938,CNTS_000000000019112,묵리해안포구,"해변,문화관광"
939,CONT_000000000500382,송죽사터,"문화관광,혼자,부모,아이,친구"
940,CNTS_000000000021056,정주항,맑음
941,CNTS_000000000020301,클럽나인브릿지,"액티비티,체험"
942,CNTS_000000000021381,제주불교성지 순례길 절로 가는길 - 정진의 길,"맑음,도보,문화관광,걷기/등산"
943,CONT_000000000500313,샘이오름,"자연경관,맑음,도보,걷기/등산"
944,CONT_000000000500681,한남의숙터,문화관광
945,CNTS_000000000022846,연미마을(오라리 방화사건 현장),문화관광
946,CONT_000000000500339,선족이오름(알선족이),"자연경관,도보,걷기/등산"
947,CNTS_200000000011853,서귀포 하영올레,"자연경관,체험,휴식/힐링,도보"
948,CNTS_200000000010435,제주고산리유적,"자연경관,문화관광,체험"
949,CNTS_200000000010477,함덕잠수함(이고제주),"부모,액티비티,체험,아이"
950,CNTS_000000000022863,터진목 & 성산면 4·3희생자 위령비,문화관광
951,CNTS_200000000010373,신풍리 밭담길,"자연경관,문화관광,체험,도보"
952,CNTS_200000000010957,새별헤이요목장,"자연경관,체험,커플,맑음,아이,친구,휴식/힐링"
953,CNTS_000000000022859,이덕구 산전,문화관광
954,CNTS_200000000009487,제원한의원,
955,CNTS_000000000022009,건강장수마을 산양리 농어촌체험마을,"아이,체험,흐림,사계절"
956,CNTS_200000000008916,올레캠프 본점 알파캠프,"자연경관,체험,커플,혼자,액티비티,친구,휴식/힐링"
957,CNTS_000000000021436,천주교 순례길 - 신축화해길,"문화관광,봄,걷기/등산,도보,가을"
958,CNTS_000000000022885,주정공장(동척회사) 옛터,문화관광
959,CNTS_200000000009273,제주토종흑염소목장,"자연경관,체험,커플,맑음,부모,아이,친구"
960,CNTS_000000000021101,연대포구,"문화관광,부모,해변,친구,아이"
961,CNTS_200000000009489,아침한의원 ,
962,CNTS_200000000009486,제주우리병원,
963,CNTS_000000000021031,추자연도교,걷기/등산
964,CNTS_200000000010013,제주아리랑 NEW 혼,"실내관광지,문화관광,체험"
965,CNTS_000000000022031,서귀본향당,문화관광
966,CNTS_200000000010800,마라도 섬투어,"자연경관,체험,포토스팟,도보"
967,CNTS_200000000008075,칠머리길,"자연경관,체험,걷기/등산,도보,휴식/힐링"
968,CNTS_000000000020982,신양포구,"문화관광,자연경관,맑음,해변"
969,CNTS_200000000010801,질그랭이센터,체험
970,CNTS_000000000021043,신양항(하추자항),맑음
971,CNTS_200000000009484,한국건강관리협회제주특별자치도부,
972,CNTS_200000000009501,궁대오름(궁대악),"자연경관,커플,사계절,부모,포토스팟,도보,친구,휴식/힐링"
973,CNTS_200000000010698,더힐하우스스파,
974,CNTS_000000000018483,뒤굽은이오름,"자연경관,커플,맑음,도보,친구"
975,CNTS_000000000022880,한모살 (표선백사장),문화관광
976,CNTS_000000000020989,태흥포구,"자연경관,커플,혼자,부모,해변,친구,휴식/힐링"
977,CNTS_200000000009865,라온주 실내체험동물원,"실내관광지,체험,아이"
978,CNTS_000000000022871,영모원,문화관광
979,CNTS_200000000009863,제주미래교육연구원 과학탐구체험장,"부모,아이"
980,CNTS_000000000022861,성산초등학교 서청특별중대 주둔지,"문화관광,맑음"
982,CNTS_200000000008015,금붕사,"실내관광지,문화관광,체험"
981,CNTS_200000000010375,무릉자전거도로(환상자전거길 3구간),"자연경관,체험"
983,CNTS_200000000009870,멍멍플레이스,
984,CNTS_000000000021409,별도포구,"자연경관,문화관광,해변"
985,CNTS_200000000007283,신엄포구,"자연경관,커플,사계절"
986,CNTS_200000000008831,제주사랑방(제주책방),"커플,혼자,부모,아이,친구,휴식/힐링"
987,CNTS_200000000007288,동귀방파제,"자연경관,여름,해변"
988,CNTS_200000000009471,THE WE,
989,CNTS_200000000007222,삼양 셋다리물,"자연경관,체험,아이,여름"
990,CNTS_000000000021194,별도연대,"문화관광,맑음"
991,CNTS_200000000009485,이편한치과,
992,CNTS_200000000010696,한화리조트 테라피센터,
993,CNTS_200000000009895,서귀포농업기술센터 제주농업생태원,자연경관
994,CNTS_000000000018843,예절이오름(여절악),"자연경관,커플,봄,혼자,맑음,도보,친구,가을"
995,CNTS_000000000022068,백제사,"맑음,문화관광,흐림,사계절"
996,CNTS_200000000007536,걸서악오름,"자연경관,맑음,포토스팟,도보,친구"
997,CNTS_000000000022857,영남동,문화관광
998,CNTS_200000000009853,비양도 연평리 야영지,"자연경관,맑음,체험,흐림"
999,CNTS_200000000010135,애월스쿠버다이빙스쿨,체험
1000,CNTS_000000000022851,4·3해원방사탑,문화관광
1001,CNTS_000000000022033,대림리선돌,문화관광
1002,CNTS_200000000010293,제주도공방노꼬메,체험
1003,CNTS_200000000007464,밸런싱 요가,혼자
1004,CNTS_000000000021024,상추자마을길,"도보,맑음,커플,친구"
1005,CNTS_000000000022854,9연대 본부 옛터,문화관광
1006,CNTS_200000000011435,제주안전체험관,"실내관광지,체험,아이"
1007,CNTS_200000000007159,신산신양해안도로 (해산물),"자연경관,커플,사계절,부모,포토스팟,친구,휴식/힐링"
1008,CNTS_200000000010699,이음새,체험
1009,CNTS_000000000022844,박성내,문화관광
1010,CNTS_200000000009479,썬플라워의원,
1012,CNTS_000000000021507,대수포구,"자연경관,문화관광,해변"
1011,CNTS_000000000021507,대수포구,"자연경관,문화관광,해변"
1013,CNTS_200000000009871,브레이브독스,
1014,CNTS_000000000022868,불카분낭 (불타버린 나무),문화관광
1015,CNTS_000000000022867,임문숙 가족 헛묘,문화관광
1016,CNTS_000000000022853,대정면 4.3사건 위령비,문화관광
1017,CNTS_200000000010797,스위트호텔 아로마,체험
1018,CNTS_200000000010796,롯데호텔 브이스파,체험
1019,CNTS_200000000008894,바구스서핑스쿨,체험
1020,CNTS_000000000022878,중문리 신사터,문화관광
1021,CNTS_200000000009551,한라의향기,"자연경관,체험"
1022,CNTS_000000000022872,종남마을,문화관광
1023,CNTS_200000000012059,노형수퍼마켙,"문화관광,커플,혼자,부모,실내관광지,아이,친구,휴식/힐링"
1024,CNTS_200000000010815,김택화미술관,"실내관광지,문화관광"
1025,CNTS_000000000022886,제주시 충혼묘지 4·3추모비(박진경 추도비),문화관광
1026,CNTS_000000000021034,예초리,"혼자,친구,휴식/힐링,커플"
1027,CNTS_000000000022010,조수리 농어촌체험마을,"아이,흐림,사계절"
1028,CNTS_200000000012094,제주어울림감귤체험농장,체험
1029,CNTS_200000000010374,북촌리 4.3길,"자연경관,문화관광,체험,도보"
1030,CNTS_200000000008012,새시물,"자연경관,휴식/힐링"
1031,CNTS_200000000011917,마흐니 숲길,"자연경관,체험,커플,맑음,부모,도보,친구,휴식/힐링"
1032,CONT_000000000500178,마복이오름,"자연경관,도보,걷기/등산"
1033,CNTS_200000000010493,제주잠수함(국제리더스클럽),"부모,액티비티,체험,아이"
1034,CNTS_000000000021033,예초리해변,"자연경관,커플,혼자,맑음,포토스팟,해변"
1035,CNTS_000000000021026,상추자포구,"자연경관,문화관광,해변"
1036,CNTS_000000000022847,송령이골,문화관광
1037,CNTS_200000000011778,노을해안1014,"액티비티,체험"
1038,CNTS_000000000022843,관음사 군 주둔지 옛터,문화관광
1039,CNTS_200000000010193,김서프제주,체험
1041,CNTS_000000000022856,조일구락부 옛터,문화관광
1040,CNTS_200000000009893,일출랜드 아트센터,"자연경관,체험,휴식/힐링"
1042,CNTS_200000000009864,꿈바당 어린이도서관,"아이,문화관광"
1043,CNTS_200000000009773,제주아트센터,"실내관광지,문화관광"
1044,CNTS_000000000022873,원동,문화관광
1045,CNTS_200000000008047,통일관,"실내관광지,문화관광"
1046,CNTS_000000000022876,조천중학원 옛터,문화관광
1047,CNTS_000000000022882,육시우영,문화관광
1048,CNTS_200000000009211,제스피 맥주협동조합 양조장,"체험,커플,사계절,혼자,실내관광지,친구,휴식/힐링"
1049,CNTS_200000000011915,신흥리 동백 & 향나무길,"자연경관,체험,커플,맑음,포토스팟,도보,친구"
1050,CNTS_200000000007284,삼양방파제,"자연경관,맑음,해변,휴식/힐링,여름"
1051,CNTS_200000000010033,송악힐링풋스킨,휴식/힐링
1052,CNTS_000000000022884,만벵듸 공동장지,"자연경관,문화관광"
1053,CNTS_200000000010513,피크닉메이트,
1054,CNTS_000000000022855,제주농업학교 옛터,문화관광
1055,CNTS_200000000008913,나틸다,"실내관광지,친구,체험"
1056,CNTS_000000000022848,도령모루,문화관광
1057,CNTS_200000000010713,공방:하루_반,체험
1058,CNTS_000000000022883,산지항 옛터,문화관광
1059,CNTS_200000000011894,오페라 옴니아 : 라파엘로展,"실내관광지,문화관광,체험"
1060,CNTS_200000000011254,제주친구,"친구,체험,커플"
1061,CNTS_000000000022850,현의합장묘역,문화관광
1062,CNTS_200000000011514,우도징기스칸승마체험,"액티비티,체험"
1063,CNTS_200000000011918,옥돔마을,"체험,커플,혼자,부모,아이,친구"
1064,CNTS_000000000022858,오림반,문화관광
1065,CNTS_000000000022865,삼밭구석 & 동광리4·3희생자위령비,문화관광
1066,CNTS_200000000010754,솔담한방병원,
1067,CNTS_200000000011554,고포잇다이브센터,"액티비티,체험"
1068,CNTS_200000000011434,그제바람 윈드서핑패들보드,체험
1069,CNTS_200000000009833,제주햇살농원,"자연경관,체험"
1070,CNTS_200000000011920,서중천탐방로,"자연경관,체험,커플,부모,도보,친구,휴식/힐링"
1071,CNTS_200000000011916,남원항 (남원포구),"자연경관,문화관광,사계절,맑음,포토스팟"
1072,CNTS_200000000011919,감귤박물관 월라봉 산책로 - 생이소리길,"자연경관,문화관광,체험,커플,부모,실내관광지,도보,휴식/힐링"
1073,CNTS_200000000012139,월라봉 진지동굴 (안덕면),"자연경관,커플,사계절,혼자,부모,포토스팟,친구"
1074,CNTS_200000000011313,케이제주해양사업단,"실내관광지,액티비티,체험,친구"
1075,CNTS_200000000011334,율랜드 다이브센터,"액티비티,친구,체험,커플"
1076,CNTS_200000000011995,김한미술관 & 카페3206,"실내관광지,문화관광,휴식/힐링"
1077,CNTS_200000000011553,M1971 요트투어,"휴식/힐링,포토스팟,체험"
1078,CNTS_200000000011994,우포토 시네마 갤러리 카페,휴식/힐링
1079,CNTS_200000000012137,낙천아홉굿마을 의자공원,"체험,커플,혼자,부모,포토스팟,아이,친구,휴식/힐링"
1080,CNTS_200000000012327,종달고망난돌쉼터,"자연경관,문화관광,포토스팟,해변,휴식/힐링"
1081,CNTS_200000000011999,알제이,"체험,휴식/힐링"
1082,CNTS_200000000012452,고씨주택,"포토스팟,문화관광,휴식/힐링,사계절"
1083,CNTS_200000000012138,서영아리오름 / 용와이오름,"자연경관,커플,사계절,혼자,부모,포토스팟,도보,친구"
1084,CNTS_200000000012471,고요산책,"체험,사계절,혼자,친구,휴식/힐링"
1085,CNTS_200000000012469,제로스테이션(제로포인트트레일),"휴식/힐링,액티비티,체험,사계절"
1086,CNTS_200000000012455,서부두명품횟집거리,"휴식/힐링,사계절"
1087,CNTS_200000000012454,제주중앙성당,"문화관광,휴식/힐링,사계절"
1088,CNTS_200000000012073,영등할망 신화공원,"문화관광,포토스팟"
1089,CNTS_200000000012075,헌마공신김만일기념관,"실내관광지,문화관광,휴식/힐링,포토스팟"
1090,CNTS_200000000013150,훈데르트바서파크,"문화관광,포토스팟"
1091,CNTS_200000000012670,세화소품관,
1092,CNTS_200000000012946,무비랜드왁스뮤지엄,실내관광지
