,id,title,children,pet
0,1,사려니숲길,9,9
1,2,우도(해양도립공원),9,9
2,3,성산일출봉(UNESCO 세계자연유산),9,9
3,4,비자림,9,9
4,5,천지연폭포,9,9
5,6,만장굴,9,9
6,7,새별오름,9,9
7,8,협재해수욕장,9,9
8,9,섭지코지,9,9
9,10,카멜리아힐,9,9
10,11,거문오름(UNESCO 세계자연유산),9,9
11,12,함덕해수욕장,9,9
12,13,월정리해변,9,9
13,14,한라산국립공원,9,9
14,15,쇠소깍,9,9
15,16,주상절리대(중문대포해안),9,9
16,17,정방폭포,9,9
17,18,에코랜드 테마파크,9,9
18,19,애월한담해안산책로,9,9
19,20,천제연폭포,9,9
20,21,산굼부리,9,9
21,22,오설록티뮤지엄,9,9
22,23,황우지해안,9,9
23,24,용머리해안,9,9
24,25,김녕해수욕장,9,9
25,26,용눈이오름,9,9
26,27,한라산영실코스,9,9
27,28,한림공원,9,9
28,29,아쿠아플라넷 제주,9,9
29,30,메이즈랜드,9,9
30,31,곽지해수욕장,9,9
31,32,제주절물자연휴양림,9,9
32,33,제주실탄사격장,9,9
33,34,금능해수욕장,9,9
34,35,산방굴사,9,9
35,36,아라고나이트 온천(디아넥스호텔),9,9
36,37,용두암,9,9
37,38,산방산탄산온천,9,9
38,39,이호테우말등대,9,9
39,40,보롬왓,9,9
40,41,휴애리 자연생활공원,9,9
41,42,제주김녕미로공원,9,9
42,43,아침미소목장,9,9
43,44,백록담,9,9
44,45,세화해변,9,9
45,46,김경숙해바라기농장,9,9
46,47,제주조천스위스마을,9,9
47,48,백약이오름,9,9
48,49,외돌개,9,9
49,50,제주레일바이크,9,9
50,51,서귀포치유의숲,9,9
51,52,광치기해변,9,9
52,53,마라도(마라해양도립공원),9,9
53,54,렛츠런파크,9,9
54,55,중문관광단지,9,9
55,56,중문색달해수욕장,9,9
56,57,제주4.3평화공원,9,9
57,58,성읍민속마을,9,9
58,59,애월해안도로,9,9
59,60,산방산,9,9
60,61,이중섭거리,9,9
61,62,박물관은 살아있다,9,9
62,63,제주레포츠랜드,9,9
63,64,1100고지습지,9,9
64,65,송악산,9,9
65,66,소인국테마파크,9,9
66,67,환상숲 곶자왈공원,9,9
67,68,수월봉 지질트레일,9,9
68,69,제주하늘을날다(패러글라이딩),9,9
69,70,제주동백수목원,9,9
70,71,생각하는정원,9,9
71,72,다랑쉬오름(월랑봉),9,9
72,73,동백동산,9,9
73,74,제주민속촌,9,9
74,75,방주교회,9,9
75,76,새연교,9,9
76,77,아부오름,9,9
77,78,제주유리의성,9,9
78,79,안덕계곡,9,9
79,80,제주러브랜드[휴업중],9,9
80,81,붉은오름 자연휴양림,9,9
81,82,제주돌문화공원,9,9
82,83,선녀와나무꾼,9,9
83,84,제주허브동산,9,9
84,85,오라동 청보리-메밀꽃밭,9,9
85,86,한라수목원,9,9
86,87,감귤박물관,9,9
87,88,서귀포잠수함(대국해저관광),9,9
88,89,가파도,9,9
89,90,수월봉,9,9
90,91,아날로그감귤밭,9,9
91,92,위미리 동백나무군락,9,9
92,93,마방목지,9,9
93,94,비양도,9,9
94,95,신비의도로카트체험장,9,9
95,96,"더럭초등학교(구, 더럭분교)",9,9
96,97,녹산로유채꽃길,9,9
97,98,월령선인장군락지,9,9
98,99,제주빅볼랜드,9,9
99,100,월정리 카약체험장,9,9
100,101,제주항공우주박물관,9,9
101,102,관덕정,9,9
102,103,용연,9,9
103,104,신화테마파크,9,9
104,105,1100고지(휴게소),9,9
105,106,일출랜드,9,9
106,107,원앙폭포,9,9
107,108,본태박물관,9,9
108,109,렛츠런팜제주,9,9
109,110,헬로키티아일랜드,9,9
110,111,해녀박물관,9,9
111,112,여미지식물원,9,9
112,113,브릭캠퍼스,9,9
113,114,제주베니스랜드,9,9
114,115,너븐숭이 4.3기념관,9,9
115,116,동굴의 다원 다희연,9,9
116,117,약천사,9,9
117,118,우도잠수함(제주씨월드),9,9
118,119,노리매공원,9,9
119,120,제주특별자치도 도립미술관,9,9
120,121,곶자왈,9,9
121,122,차귀도,9,9
122,123,항파두리항몽유적지,9,9
123,124,우도산호해변 홍조단괴 서빈백사,9,9
124,125,어승생,9,9
125,126,제주별빛누리공원[제한적운영중],9,9
126,127,제주목관아,9,9
127,128,도두봉,9,9
128,129,가뫼물,9,9
129,130,제주올레 7코스,9,9
130,131,도순다원,9,9
131,132,귤밭76번지,9,9
132,133,제주라프 짚라인,9,9
133,134,검멀레해변,9,9
134,135,케이제주씨워킹,9,9
135,136,제주바다체험장,9,9
136,137,금악오름(왕매),9,9
137,138,신창~차귀해안도로,9,9
138,139,물영아리오름,9,9
139,140,신비의도로,9,9
140,141,"군산(군산오름,코메오름)",9,9
141,142,넥슨컴퓨터박물관,9,9
142,143,북촌돌하르방미술관,9,9
143,144,제주공룡랜드[휴장중],9,9
144,145,김영갑갤러리 두모악,9,9
145,146,초콜릿박물관,9,9
146,147,한담해변,9,9
147,148,제주불빛정원 테마파크,9,9
148,149,퍼시픽 리솜 요트투어 샹그릴라,9,9
149,150,그리스신화박물관 / 트릭아이미술관,9,9
150,151,김녕사굴,9,9
151,152,제주현대미술관,9,9
152,153,테디베어뮤지엄제주,9,9
153,154,세계자동차 & 피아노박물관,9,9
154,155,더마파크,9,9
155,156,제주다원 녹차미로공원,9,9
156,157,따라비오름,9,9
157,158,도두동 무지개 해안도로,9,9
158,159,산방산 용머리해안 지질트레일,9,9
159,160,관음사,9,9
160,161,한라산어리목코스,9,9
161,162,세리월드 테마파크,9,9
162,163,시크릿가든촬영지,9,9
163,164,제주센트럴파크,9,9
164,165,신창풍차해안도로,9,9
165,166,제주커피박물관 바움 Baum,9,9
166,167,서귀포칠십리시공원,9,9
167,168,9.81 파크,9,9
168,169,협재굴(한림공원),9,9
169,170,돈내코,9,9
170,171,사라오름,9,9
171,172,국립제주박물관,9,9
172,173,제주해양동물박물관,9,9
173,174,성이시돌목장,9,9
174,175,윗세오름(웃세오름),9,9
175,176,제주유리박물관,9,9
176,177,테디베어사파리 테지움,9,9
177,178,비체올린,9,9
178,179,이니스프리제주하우스,9,9
179,180,플레이네이쳐,9,9
180,181,누웨마루거리(구 바오젠),9,9
181,182,박수기정,9,9
182,183,알뜨르비행장,9,9
183,184,엉또폭포,9,9
184,185,상효원,9,9
185,186,김녕요트투어,9,9
186,187,모슬포항,9,9
187,188,노루생태관찰원,9,9
188,189,머체왓숲길,9,9
189,190,아이스뮤지엄,9,9
190,191,표선해수욕장,9,9
191,192,서우봉,9,9
192,193,제주아트서커스,9,9
193,194,이상한 나라의 앨리스,9,9
194,195,제주올레 8코스,9,9
195,196,서귀포자연휴양림,9,9
196,197,건강과성박물관,9,9
197,198,김녕 지질트레일,9,9
198,199,코코몽 에코파크,9,9
199,200,선운정사,9,9
200,201,조랑말체험공원,9,9
201,202,제주승마공원,9,9
202,203,혼인지,9,9
203,204,추자도,9,9
204,205,사계해변,9,9
205,206,민속자연사박물관,9,9
206,207,삼양해수욕장,9,9
207,208,신흥2리 동백마을,9,9
208,209,탑동,9,9
209,210,닭머르해안길,9,9
210,211,김녕금속공예벽화마을,9,9
211,212,조은승마장,9,9
212,213,한라생태숲,9,9
213,214,이중섭미술관,9,9
214,215,성읍랜드,9,9
215,216,초콜릿랜드,9,9
216,217,삼성혈,9,9
217,218,제주올레 1코스,9,9
218,219,지미봉,9,9
219,220,소천지,9,9
220,221,서귀포예술의전당,9,9
221,222,구엄리돌염전,9,9
222,223,이호테우해수욕장,9,9
223,224,사라봉,9,9
224,225,범섬,9,9
225,226,익스트림제주 카약올레,9,9
226,227,바이나흐튼 크리스마스 박물관,9,9
227,228,연화못,9,9
228,229,종달리수국길,9,9
229,230,제주올레 6코스,9,9
230,231,제주곶자왈도립공원,9,9
231,232,두맹이골목,9,9
232,233,점보빌리지,9,9
233,234,전농로 서사라문화거리,9,9
234,235,쉬리의언덕,9,9
235,236,저지 예술인 마을,9,9
236,237,미천굴,9,9
237,238,서귀포천문과학문화관,9,9
238,239,아프리카박물관,9,9
239,240,피규어뮤지엄 제주,9,9
240,241,신양섭지해수욕장,9,9
241,242,제주올레 17코스,9,9
242,243,교래자연휴양림,9,9
243,244,용담/용두암 해안도로,9,9
244,245,엉덩물계곡,9,9
245,246,삼다수숲길 지질트레일,9,9
246,247,제주올레 10코스,9,9
247,248,청수곶자왈,9,9
248,249,우도 비양도,9,9
249,250,아이리스촬영지(하얀등대),9,9
250,251,성산항,9,9
251,252,천아숲길 천아계곡,9,9
252,253,유민미술관,9,9
253,254,알작지해변,9,9
254,255,제주올레 18코스,9,9
255,256,빌레못동굴,9,9
256,257,제주세계자연유산센터,9,9
257,258,천왕사,9,9
258,259,대장금촬영지(제주민속촌),9,9
259,260,송당승마장,9,9
260,261,약천사 템플스테이,9,9
261,262,아끈다랑쉬,9,9
262,263,성읍녹차마을,9,9
263,264,제주올레 15-A코스,9,9
264,265,제주문예회관,9,9
265,266,휴림,9,9
266,267,쇠소깍해변,9,9
267,268,걸매생태공원,9,9
268,269,토이파크,9,9
269,270,남원큰엉해변,9,9
270,271,샤이니숲길,9,9
271,272,플레이박스VR,9,9
272,273,제주도립김창열미술관,9,9
273,274,금능석물원,9,9
274,275,제주추사관,9,9
275,276,보물섬하이킹,9,9
276,277,그린크루즈(산방산유람선),9,9
277,278,제주국제컨벤션센터 icc,9,9
278,279,"저지오름(닥몰오름,새오름)",9,9
279,280,화순금모래해수욕장,9,9
280,281,새섬,9,9
281,282,싱계물 공원,9,9
282,283,제주카트클럽,9,9
283,284,방림원,9,9
284,285,별내린전망대,9,9
285,286,하멜상선전시관,9,9
286,287,5.16도로숲터널,9,9
287,288,쌍용굴(한림공원),9,9
288,289,용담레포츠공원,9,9
289,290,제주 패러글라이딩 스쿨,9,9
290,291,하도해변,9,9
291,292,김만덕객주,9,9
292,293,마라도성당,9,9
293,294,쇠소깍제트,9,9
294,295,낙천리아홉굿의자마을,9,9
295,296,송악산 진지동굴,9,9
296,297,제주국제공항,9,9
297,298,정물오름,9,9
298,299,지포뮤지엄,9,9
299,300,화순곶자왈생태탐방숲길,9,9
300,301,영주산,9,9
301,302,해품은체험농장,9,9
302,303,중문미로파크,9,9
303,304,한라산소주공장,9,9
304,305,제주올레 1-1코스,9,9
305,306,더마카트,9,9
306,307,토끼섬,9,9
307,308,산지등대,9,9
308,309,자구리공원,9,9
309,310,하고수동해변,9,9
310,311,소정방폭포,9,9
311,312,판포포구,9,9
312,313,하늘여행 행글라이더체험장,9,9
313,314,논짓물,9,9
314,315,세계술박물관,9,9
315,316,산지천,9,9
316,317,종달리해안도로,9,9
317,318,제주힐링명상센터,9,9
318,319,다이나믹메이즈,9,9
319,320,표선세화해안도로,9,9
320,321,제주평화박물관(전쟁평화박물관)[휴관중],9,9
321,322,디스커버제주,9,9
322,323,돈내코유원지,9,9
323,324,조천함덕해안도로,9,9
324,325,섯알오름,9,9
325,326,하모씨워킹,9,9
326,327,사려니오름,9,9
327,328,제주올레 5코스,9,9
328,329,흑돼지거리,9,9
329,330,서복전시관,9,9
330,331,이랜드뮤지엄,9,9
331,332,영실기암,9,9
332,333,문섬(서귀포해양도립공원),9,9
333,334,장생의 숲길,9,9
334,335,낙타트래킹,9,9
335,336,우도등대,9,9
336,337,황금굴(한림공원),9,9
337,338,서귀포항,9,9
338,339,조안베어뮤지엄,9,9
339,340,제주난타,9,9
340,341,애월 한담 카약,9,9
341,342,함덕카페거리,9,9
342,343,큰노꼬메오름,9,9
343,344,세계조가비박물관,9,9
344,345,산방산 랜드,9,9
345,346,성산 유채꽃재배단지,9,9
346,347,그랑블루 요트투어,9,9
347,348,성널오름 (성판악),9,9
348,349,물찻오름,9,9
349,350,제주카약,9,9
350,351,어리목계곡,9,9
351,352,용두암해안도로카페거리,9,9
352,353,사라봉공원,9,9
353,354,평대리해변,9,9
354,355,제주돌마을공원,9,9
355,356,형제섬,9,9
356,357,단산(바굼지오름),9,9
357,358,이중섭거주지,9,9
358,359,1112도로,9,9
359,360,숫모르편백나무숲길,9,9
360,361,별방진,9,9
361,362,덕천리 팔자 좋아 길,9,9
362,363,섶섬(서귀포해양도립공원),9,9
363,364,해거름전망대,9,9
364,365,캐릭파크,9,9
365,366,제주올레 19코스,9,9
366,367,고근산(고공산),9,9
367,368,황우지해안 열두굴,9,9
368,369,"당산봉(당오름,차귀오름)",9,9
369,370,서프라이즈테마파크,9,9
370,371,제주올레 14코스,9,9
371,372,추사적거지,9,9
372,373,서건도,9,9
373,374,제주 카카오캠핑,9,9
374,375,한국야구명예전당(야구박물관),9,9
375,376,제주에코승마장(구.제주승마장),9,9
376,377,탑동해변공연장,9,9
377,378,장전리 벚꽃축제길,9,9
378,379,법환포구,9,9
379,380,제주올레 16코스,9,9
380,381,서귀포 다이브센터,9,9
381,382,타보카 월정리투명카약,9,9
382,383,제주 삼양동 유적,9,9
383,384,동백포레스트,9,9
384,385,납읍난대림 금산공원,9,9
385,386,꽃썸,9,9
386,387,대평포구,9,9
387,388,최영장군사당,9,9
388,389,붉은오름(표선면),9,9
389,390,베릿네오름,9,9
390,391,(주)제주해양레저 투명카약,9,9
391,392,까망고띠,9,9
392,393,산천단,9,9
393,394,해맞이해안로,9,9
394,395,제주올레 20코스,9,9
395,396,안돌오름,9,9
396,397,섬속의섬우도렌트,9,9
397,398,송당본향당,9,9
398,399,서귀포시립기당미술관,9,9
399,400,한림항,9,9
400,401,김만덕기념관,9,9
401,402,탐나라공화국(제주남이섬),9,9
402,403,허브동산 미디어 파사드 (media facade),9,9
403,404,강정천유원지,9,9
404,405,포레스트 사파리,9,9
405,406,스누피가든,9,9
406,407,스쿠버스쿨,9,9
407,408,카카오본사(구 스페이스닷원),9,9
408,409,귀빈사,9,9
409,410,용연카누클럽,9,9
410,411,별도봉,9,9
411,412,순례자의교회,9,9
412,413,화순금모래해수욕장담수수영장,9,9
413,414,오조포구,9,9
414,415,제주올레 4코스,9,9
415,416,종달리전망대,9,9
416,417,제지기오름,9,9
417,418,산양곶자왈,9,9
418,419,사계해안도로,9,9
419,420,석부작박물관,9,9
420,421,마원,9,9
421,422,엉알해안산책로,9,9
422,423,고살리숲길,9,9
423,424,보통청춘기록실 청춘사진관,9,9
424,425,제주다이브 체험다이빙,9,9
425,426,아르떼뮤지엄,9,9
426,427,한림바다체험마을,9,9
427,428,민오름(오라동),9,9
428,429,오현단,9,9
429,430,신화워터파크,9,9
430,431,제주올레 14-1코스,9,9
431,432,제주제트,9,9
432,433,대정해변(하모해변),9,9
433,434,연북정,9,9
434,435,간세공방,9,9
435,436,SM 디지털아트 뮤지엄,9,9
436,437,검멀레동굴,9,9
437,438,제주올레 21코스,9,9
438,439,김녕해수욕장야영장,9,9
439,440,우도스쿠터여행,9,9
440,441,제주올레 2코스,9,9
441,442,올레여행자센터,9,9
442,443,제주 더팔팔농장,9,9
443,444,제주대학교 가는길,9,9
444,445,형제해안도로,9,9
445,446,아라리오뮤지엄탑동시네마,9,9
446,447,서귀포 궁도장(천지정),9,9
447,448,제주국제평화센터,9,9
448,449,큰사슴이오름,9,9
449,450,제주항일기념관,9,9
450,451,대정향교,9,9
451,452,차귀도요트,9,9
452,453,성읍목장,9,9
453,454,제라진 제주오프로드 사파리,9,9
454,455,레이저서바이벌M,9,9
455,456,제주성지,9,9
456,457,갓전시관[임시휴관중],9,9
457,458,서귀다원,9,9
458,459,사계 용머리해안 (해산물),9,9
459,460,벨리타,9,9
460,461,성산포항,9,9
461,462,효명사,9,9
462,463,알프스승마장포니,9,9
463,464,파파빌레,9,9
464,465,프랑스샤르망,9,9
465,466,왈종미술관,9,9
466,467,월대천,9,9
467,468,무릉곶자왈,9,9
468,469,제주올레 3코스,9,9
469,470,송악카트체험장,9,9
470,471,아라리오뮤지엄동문모텔1,9,9
471,472,노을승마장,9,9
472,473,제주올레 12코스,9,9
473,474,해피맘하우스,9,9
474,475,걸매예술마을,9,9
475,476,서귀포층패류화석산지,9,9
476,477,라온승마클럽,9,9
477,478,제주해양레저,9,9
478,479,제주교육박물관,9,9
479,480,엉알해안,9,9
480,481,제주향교,9,9
481,482,생이기정,9,9
482,483,쇠와꽃 승마장,9,9
483,484,제주플래티늄카라반,9,9
484,485,화조원,9,9
485,486,"마라도등대[내부공사중, 관람불가]",9,9
486,487,구좌 하도어촌계,9,9
487,488,위미항,9,9
488,489,원당봉,9,9
489,490,신천리 벽화마을,9,9
490,491,종달리해변,9,9
491,492,제주올레 9코스,9,9
492,493,제주 이호털보 배낚시,9,9
493,494,도두항,9,9
494,495,돔베낭길,9,9
495,496,들렁모루 산책길,9,9
496,497,비자림농원,9,9
497,498,고흐의 정원,9,9
498,499,예래생태체험관,9,9
499,500,"물메(물미, 수산봉)",9,9
500,501,삼매봉,9,9
501,502,막숙,9,9
502,503,제주올레 7-1코스,9,9
503,504,관음사 템플스테이,9,9
504,505,절부암,9,9
505,506,동산농원 딸기체험장,9,9
506,507,화순리 유채꽃길,9,9
507,508,돔베낭골,9,9
508,509,중문카라반,9,9
509,510,제주참숯가마찜질방,9,9
510,511,가마오름 진지동굴,9,9
511,512,대유ATV수렵사격랜드,9,9
512,513,모진이몽돌해변,9,9
513,514,소암현중화기념관,9,9
514,515,곽지해수욕장야영장,9,9
515,516,문도지오름 (문돗지),9,9
516,517,제주올레 10-1코스,9,9
517,518,윈드1947 카트 테마파크,9,9
518,519,렛츠런팜 양귀비꽃,9,9
519,520,그랑블루호(선상낚시),9,9
520,521,비블리아성서식물원,9,9
521,522,액티브파크,9,9
522,523,하멜기념비,9,9
523,524,제주워터월드,9,9
524,525,우도올레보트,9,9
525,526,제주스쿠터여행,9,9
526,527,귤빛캠핑장,9,9
527,528,함덕백사장 & 서우봉,9,9
528,529,추사 유배길 - 3코스 사색의 길,9,9
529,530,게우지코지,9,9
530,531,가마오름,9,9
531,532,조천만세동산,9,9
532,533,진아영 할머니 집터,9,9
533,534,세화해안도로,9,9
534,535,문서프,9,9
535,536,갤러리2 중선농원,9,9
536,537,한림해안도로,9,9
537,538,서귀포해안,9,9
538,539,청초밭영농조합법인,9,9
539,540,아홉굿마을 낙천리 농어촌체험마을,9,9
540,541,대한민국최남단기념비/ 마라도 기념비,9,9
541,542,눈물의십자가,9,9
542,543,함덕야영장,9,9
543,544,두산봉(말미오름),9,9
544,545,톨칸이,9,9
545,546,제주기독교순례길,9,9
546,547,강정어촌계,9,9
547,548,오름터 민속마을,9,9
548,549,왕이메오름,9,9
549,550,제주롯데스카이힐컨트리클럽,9,9
550,551,설쿰바당,9,9
551,552,무수천,9,9
552,553,높은오름,9,9
553,554,김녕해안도로,9,9
554,555,월평포구,9,9
555,556,제주쥬티클럽,9,9
556,557,발자국화석공원,9,9
557,558,캔디원,9,9
558,559,제주오렌지,9,9
559,560,자구내포구,9,9
560,561,수악 (물오름),9,9
561,562,당오름(한경면),9,9
562,563,더 플래닛(THE PLANET),9,9
563,564,성클라라수도원 금악성당,9,9
564,565,감수굴 밭담길,9,9
565,566,모구리오름,9,9
566,567,방선문,9,9
567,568,붉은오름(성산읍),9,9
568,569,사진놀이터,9,9
569,570,돛오름,9,9
570,571,제주올레 11코스,9,9
571,572,감귤상웨빵 체험,9,9
572,573,중문색달해변(해산물),9,9
573,574,성김대건신부표착기념관,9,9
574,575,애월 하물,9,9
575,576,명월팽나무군락,9,9
576,577,도두해안도로,9,9
577,578,해녀의 태왁,9,9
578,579,라온골프클럽,9,9
579,580,"대수산봉(큰물뫼,물미오름)",9,9
580,581,서광승마장,9,9
581,582,망장포,9,9
582,583,제주올레 15-B코스,9,9
583,584,우도봉 ATV,9,9
584,585,레더한,9,9
585,586,조함해안도로,9,9
586,587,백조일손지묘(백조일손지지),9,9
587,588,거슨새미오름,9,9
588,589,바당미술관,9,9
589,590,답다니탑망대,9,9
590,591,추자도등대,9,9
591,592,제주올레 18-1코스,9,9
592,593,서광리 곶자왈생태탐방로,9,9
593,594,민오름(구좌읍),9,9
594,595,성산오조리해안,9,9
595,596,아라리오뮤지엄동문모텔2,9,9
596,597,공천포,9,9
597,598,골프탕탕,9,9
598,599,평화통일 불사리탑,9,9
599,600,명월성지,9,9
600,601,열리해안길,9,9
601,602,수목원테마공원(야시장길&LED공원),9,9
602,603,거믄여해안경승지,9,9
603,604,포도갤러리 in 포도호텔,9,9
604,605,중문승마공원,9,9
605,606,신양해안도로,9,9
606,607,오백나한,9,9
607,608,제주올레 13코스,9,9
608,609,당오름,9,9
609,610,송당리,9,9
610,611,이호-내도 해안도로,9,9
611,612,소라의성,9,9
612,613,봉쥬르봉봉,9,9
613,614,우도 봉수대,9,9
614,615,백제사 템플스테이,9,9
615,616,애월환해장성,9,9
616,617,스프링데일CC,9,9
617,618,나바론절벽,9,9
618,619,좌보미오름,9,9
619,620,개오름,9,9
620,621,핸즈웍스,9,9
621,622,핀크스 골프클럽,9,9
622,623,"고내봉(고내오름,고니오름,망오름)",9,9
623,624,추자도 숭어체험장,9,9
624,625,한라승마장,9,9
625,626,신효베스트마을,9,9
626,627,미요캔들,9,9
627,628,뽀로로&타요 테마파크 제주,9,9
628,629,삼각봉,9,9
629,630,매오름,9,9
630,631,삼의악트레킹코스,9,9
631,632,법화사지,9,9
632,633,법정사,9,9
633,634,민오름(조천읍),9,9
634,635,천주교 순례길 - 김대건길,9,9
635,636,이로이로공방,9,9
636,637,후포해변,9,9
637,638,맬튼개 갯담,9,9
638,639,큰바리메오름,9,9
639,640,소남머리,9,9
640,641,액트(AC.lll.T) 볼링장,9,9
641,642,남내소,9,9
642,643,아일랜드에프,9,9
643,644,"알밤(알바매기, 알밤오름)",9,9
644,645,알오름(성산읍),9,9
645,646,광령귤나무,9,9
646,647,산방산 수국,9,9
647,648,다려도,9,9
648,649,성읍승마장,9,9
649,650,절물오름(큰대나),9,9
650,651,남수각 하늘길 벽화거리,9,9
651,652,남문지못,9,9
652,653,다랑쉬굴,9,9
653,654,추사 유배길 - 1코스 집념의 길,9,9
654,655,불탑사 (5층석탑),9,9
655,656,성산~세화 해안도로,9,9
656,657,신산공원,9,9
657,658,손방둥이 ,9,9
658,659,세인트포골프장,9,9
659,660,바늘오름,9,9
660,661,"그대, 나의 뮤즈 : 클림트 to 마티스",9,9
661,662,세미오름(삼의양오름),9,9
662,663,존자암지,9,9
663,664,김녕 청굴물,9,9
664,665,하도리 철새도래지,9,9
665,666,어린이교통공원,9,9
666,667,봉글레산,9,9
667,668,산천단곰솔,9,9
668,669,손지오름,9,9
669,670,창고천생태공원,9,9
670,671,중앙병원,9,9
671,672,민오름(봉개동),9,9
672,673,로로 요가,9,9
673,674,비양도등대,9,9
674,675,돈대산,9,9
675,676,원앙카라반캠핑장앤야영장,9,9
676,677,예래해안도로,9,9
677,678,노을해안로,9,9
678,679,거친오름,9,9
679,680,금룡사 템플스테이,9,9
680,681,행원육상양식단지,9,9
681,682,부영컨트리클럽,9,9
682,683,성불오름,9,9
683,684,환상숲곶자왈 담앙족욕,9,9
684,685,고내리포구,9,9
685,686,와흘본향당,9,9
686,687,이승이오름(이승악),9,9
687,688,마라도기원정사,9,9
688,689,알진오름(안친오름),9,9
689,690,곽지패총,9,9
690,691,농개,9,9
691,692,족은노꼬메오름,9,9
692,693,법화사,9,9
693,694,한라산 아래 첫 마을,9,9
694,695,거인의 정원,9,9
695,696,제주신화전설탐방로,9,9
696,697,이호털보네배낚시,9,9
697,698,포토갤러리 자연사랑미술관,9,9
698,699,천주교 순례길 - 하논성당길,9,9
699,700,제주국제예술센터,9,9
700,701,웃세오름(누운오름),9,9
701,702,각시바우오름,9,9
702,703,기독교순례길 1코스(순종의길),9,9
703,704,조이다이브,9,9
704,705,협재포구,9,9
705,706,참살이마을 명도암 농어촌체험마을,9,9
706,707,월정리해안도로,9,9
707,708,관음사 야영장,9,9
708,709,협자연대,9,9
709,710,갑자기 히어로즈 벽화길,9,9
710,711,구엄포구,9,9
711,712,금능포구,9,9
712,713,중문컨트리클럽,9,9
713,714,테우마을 수원리 농어촌체험마을,9,9
714,715,WE호텔 웰니스센터,9,9
715,716,맛있는 철학자(태반의땅제주),9,9
716,717,도치돌 알파카목장,9,9
717,718,정모시쉼터,9,9
718,719,추자등대,9,9
719,720,모슬봉 (모슬개오름),9,9
720,721,평대해변,9,9
721,722,구좌해안로,9,9
722,723,곤물,9,9
723,724,하예포구(예래포구),9,9
724,725,우도봉 풍경,9,9
725,726,지그리오름 (큰지그리),9,9
726,727,제주오름승마랜드,9,9
727,728,조천비석거리,9,9
728,729,통오름,9,9
729,730,"보롬이(하논, 화구구)",9,9
730,731,보목포구,9,9
731,732,개오리오름,9,9
732,733,푸른콩 방주영농조합법인,9,9
733,734,쉼터마을 유수암리 농어촌체험마을,9,9
734,735,산호레저,9,9
735,736,굿다이버,9,9
736,737,가메오름,9,9
737,738,섬생이,9,9
738,739,옷귀마테마타운,9,9
739,740,"자배봉(자배오름,망오름)",9,9
740,741,북촌포구,9,9
741,742,자리왓,9,9
742,743,온평리 포구,9,9
743,744,고산일과해안도로,9,9
744,745,둔지봉,9,9
745,746,세미오름(샘이오름),9,9
746,747,취다선리조트,9,9
747,748,안덕면 사계어촌계,9,9
748,749,"판포오름 (널개오름, 板浦岳)",9,9
749,750,수산저수지,9,9
750,751,당오름(안덕면),9,9
751,752,평대리불턱,9,9
752,753,제주국제공항(정뜨르비행장),9,9
753,754,용담 1동 벽화거리,9,9
754,755,제주한라병원,9,9
755,756,천지연기정길,9,9
756,757,누운오름(한림읍),9,9
757,758,비양도의 비양나무자생지,9,9
758,759,영천악(영천오름),9,9
759,760,동거문이오름,9,9
760,761,당케산물(당케포구),9,9
761,762,기독교순례길 2코스(순교의길),9,9
762,763,형제해안로전망대,9,9
763,764,제주글램핑 (무한자미향),9,9
764,765,단산과 방사탑,9,9
765,766,금덕무환자나무및팽나무군락,9,9
766,767,팀케이,9,9
767,768,묵리마을,9,9
768,769,에버리스 골프리조트,9,9
769,770,가파도 마라도 정기여객선,9,9
770,771,귀덕연대,9,9
771,772,제주힐CC,9,9
772,773,중문골프장,9,9
773,774,수월이못,9,9
774,775,어영공원,9,9
775,776,차귀도유람선,9,9
776,777,선흘1리,9,9
777,778,고사리숲,9,9
778,779,거린오름 (북오름),9,9
779,780,제주돌하르방캠핑장,9,9
780,781,제주해양레저파크,9,9
781,782,부대악오름,9,9
782,783,추억애거리,9,9
783,784,강병대교회,9,9
784,785,제주대학교병원,9,9
785,786,백년초농장박물관,9,9
786,787,파군봉(바굼지오름),9,9
787,788,진빌레 밭담길,9,9
788,789,삼사석,9,9
789,790,문화빳데리 충전소,9,9
790,791,가세오름,9,9
791,792,정의현 일관헌,9,9
792,793,웃세오름(족은오름),9,9
793,794,애월연대,9,9
794,795,볼레낭길,9,9
795,796,현사포구,9,9
796,797,남원 위미2리 어촌계,9,9
797,798,돈대산산림휴양산책로,9,9
798,799,씨에스호텔 프라이빗스파,9,9
799,800,토종닭유통특구교래삼다수마을,9,9
800,801,민속해안로,9,9
801,802,내창트레킹,9,9
802,803,다끄네포구(용담포구),9,9
803,804,신효 생활개선회,9,9
804,805,북촌국민학교,9,9
805,806,다랑쉬마을,9,9
806,807,밧돌오름,9,9
807,808,병악현무암지대,9,9
808,809,비치미오름,9,9
809,810,금룡사,9,9
810,811,라신동,9,9
811,812,제주인디,9,9
812,813,물뫼힐링팜,9,9
813,814,신대산전망대,9,9
814,815,화북비석거리,9,9
815,816,독자봉,9,9
816,817,입산봉(삿갓오름),9,9
817,818,월령포구,9,9
818,819,천주교 순례길 - 김기량길,9,9
819,820,엄바위장승,9,9
820,821,배령연대,9,9
821,822,소수산봉(족은물뫼),9,9
822,823,동알오름,9,9
823,824,가파초등학교 마라분교장,9,9
824,825,온평리 환해장성,9,9
825,826,느지리오름(망오름),9,9
826,827,상추자항,9,9
827,828,삼양해안도로,9,9
828,829,가문이오름(감은이오름),9,9
829,830,동계 정온 유허비,9,9
830,831,목장카페 드르쿰다,9,9
831,832,제주레이크힐스컨트리클럽,9,9
832,833,제주불교성지 순례길 절로가는길 - 선정의 길,9,9
833,834,대포포구,9,9
834,835,등머을레져,9,9
835,836,족은바리메,9,9
836,837,김녕항,9,9
837,838,송계순집터,9,9
838,839,산지천갤러리,9,9
839,840,모지오름,9,9
840,841,오래물,9,9
841,842,태웃개,9,9
842,843,남두연대,9,9
843,844,곤흘동(곤을동) 마을터,9,9
844,845,대정현역사자료전시관,9,9
845,846,방일리공원,9,9
846,847,중엄리새물,9,9
847,848,하논마르,9,9
848,849,추사 유배길 - 2코스 인연의 길,9,9
849,850,옹포포구,9,9
850,851,스위트몽키,9,9
851,852,한동환해장성,9,9
852,853,신천리(용궁올레),9,9
853,854,원수악,9,9
854,855,천제연폭포 & 제주4.3중문면희생자위령비,9,9
855,856,바릇스파 ,9,9
856,857,용수항,9,9
857,858,바람모루,9,9
858,859,"웃밤(웃바매기,웃밤오름)",9,9
859,860,북오름,9,9
860,861,모라이,9,9
861,862,캘리그라피 오월,9,9
862,863,"대왕산 (왕뫼, 왕메, 왕미)",9,9
863,864,고내리 다락쉼터,9,9
864,865,솔동산8경,9,9
865,866,해비치컨트리클럽제주,9,9
866,867,김영수도서관,9,9
867,868,제주컨트리클럽,9,9
868,869,동복환해장성,9,9
869,870,제주불교성지 순례길 절로 가는길 - 보시의 길,9,9
870,871,참굴비조형물,9,9
871,872,문화공간 양,9,9
872,873,신산환해장성,9,9
873,874,한국병원,9,9
874,875,발이오름,9,9
875,876,알오름(표선면),9,9
876,877,돔박이오름 (동박악),9,9
877,878,"안세미 (명도오름,明道岳)",9,9
878,879,제주불교성지 순례길 절로 가는길 - 인욕의 길,9,9
879,880,기독교순례길 4코스(화해의길),9,9
880,881,예초리기정길,9,9
881,882,토산봉(망오름),9,9
882,883,문화예술마을 저지리 농어촌체험마을,9,9
883,884,월나봉(도래오름),9,9
884,885,무릉도원마을,9,9
885,886,묘산봉 (괴살메),9,9
886,887,휘닉스 르쏠레이테라피,9,9
887,888,동일리포구,9,9
888,889,지그리오름,9,9
889,890,무등이왓터,9,9
890,891,기독교순례길 3코스(사명의길),9,9
891,892,도리미오름,9,9
892,893,큰넓궤,9,9
893,894,캐니언파크,9,9
894,895,낙선동 4.3성,9,9
895,896,마오름(한경),9,9
896,897,공천포구,9,9
897,898,묵리해안쉼터,9,9
898,899,소병악 (족은오름),9,9
899,900,월라봉(효돈),9,9
900,901,황우럭만화천국사회적협동조합,9,9
901,902,조선한의원,9,9
902,903,제주다,9,9
903,904,신도포구,9,9
904,905,마라도관광쉼터,9,9
905,906,용둠범목제계단길,9,9
906,907,평수포구,9,9
907,908,정의향교,9,9
908,909,예술공간 이아,9,9
909,910,서귀포의료원,9,9
910,911,심헌갤러리,9,9
911,912,유리멘탈 스튜디오,9,9
912,913,제주여가마을,9,9
913,914,월라사,9,9
914,915,세화항,9,9
915,916,천주교길 정난주길(고통의길),9,9
916,917,풋감마을 소길리 농어촌체험마을,9,9
917,918,옹포천,9,9
918,919,문석이오름,9,9
919,920,금성포구,9,9
920,921,목시물굴,9,9
921,922,굴동포구,9,9
922,923,북촌환해장성,9,9
923,924,신대해안,9,9
924,925,청수성결교회,9,9
925,926,예초리포구,9,9
926,927,족은사슴이오름,9,9
927,928,제주불교성지 순례길 절로 가는길 - 지계의 길,9,9
928,929,우도 득성이코지,9,9
929,930,쁘램 요가,9,9
930,931,신창리포구,9,9
931,932,삼화포구,9,9
932,933,사계항,9,9
933,934,까끄래기오름,9,9
934,935,화북환해장성,9,9
935,936,묵리해안포구,9,9
936,937,송죽사터,9,9
937,938,정주항,9,9
938,939,클럽나인브릿지,9,9
939,940,제주불교성지 순례길 절로 가는길 - 정진의 길,9,9
940,941,샘이오름,9,9
941,942,한남의숙터,9,9
942,943,연미마을(오라리 방화사건 현장),9,9
943,944,선족이오름(알선족이),9,9
944,945,서귀포 하영올레,9,9
945,946,제주고산리유적,9,9
946,947,함덕잠수함(이고제주),9,9
947,948,터진목 & 성산면 4·3희생자 위령비,9,9
948,949,신풍리 밭담길,9,9
949,950,새별헤이요목장,9,9
950,951,이덕구 산전,9,9
951,952,제원한의원,9,9
952,953,건강장수마을 산양리 농어촌체험마을,9,9
953,954,올레캠프 본점 알파캠프,9,9
954,955,천주교 순례길 - 신축화해길,9,9
955,956,주정공장(동척회사) 옛터,9,9
956,957,제주토종흑염소목장,9,9
957,958,연대포구,9,9
958,959,아침한의원 ,9,9
959,960,제주우리병원,9,9
960,961,추자연도교,9,9
961,962,제주아리랑 NEW 혼,9,9
962,963,서귀본향당,9,9
963,964,마라도 섬투어,9,9
964,965,칠머리길,9,9
965,966,신양포구,9,9
966,967,질그랭이센터,9,9
967,968,신양항(하추자항),9,9
968,969,한국건강관리협회제주특별자치도부,9,9
969,970,궁대오름(궁대악),9,9
970,971,더힐하우스스파,9,9
971,972,뒤굽은이오름,9,9
972,973,한모살 (표선백사장),9,9
973,974,태흥포구,9,9
974,975,라온주 실내체험동물원,9,9
975,976,영모원,9,9
976,977,제주미래교육연구원 과학탐구체험장,9,9
977,978,성산초등학교 서청특별중대 주둔지,9,9
978,979,무릉자전거도로(환상자전거길 3구간),9,9
979,980,금붕사,9,9
980,981,멍멍플레이스,9,9
981,982,별도포구,9,9
982,983,신엄포구,9,9
983,984,제주사랑방(제주책방),9,9
984,985,동귀방파제,9,9
985,986,THE WE,9,9
986,987,삼양 셋다리물,9,9
987,988,별도연대,9,9
988,989,이편한치과,9,9
989,990,한화리조트 테라피센터,9,9
990,991,서귀포농업기술센터 제주농업생태원,9,9
991,992,예절이오름(여절악),9,9
992,993,백제사,9,9
993,994,걸서악오름,9,9
994,995,영남동,9,9
995,996,비양도 연평리 야영지,9,9
996,997,애월스쿠버다이빙스쿨,9,9
997,998,4·3해원방사탑,9,9
998,999,대림리선돌,9,9
999,1000,제주도공방노꼬메,9,9
1000,1001,밸런싱 요가,9,9
1001,1002,상추자마을길,9,9
1002,1003,9연대 본부 옛터,9,9
1003,1004,제주안전체험관,9,9
1004,1005,신산신양해안도로 (해산물),9,9
1005,1006,이음새,9,9
1006,1007,박성내,9,9
1007,1008,썬플라워의원,9,9
1008,1009,대수포구,9,9
1009,1010,브레이브독스,9,9
1010,1011,불카분낭 (불타버린 나무),9,9
1011,1012,임문숙 가족 헛묘,9,9
1012,1013,대정면 4.3사건 위령비,9,9
1013,1014,스위트호텔 아로마,9,9
1014,1015,롯데호텔 브이스파,9,9
1015,1016,바구스서핑스쿨,9,9
1016,1017,중문리 신사터,9,9
1017,1018,한라의향기,9,9
1018,1019,종남마을,9,9
1019,1020,김택화미술관,9,9
1020,1021,제주시 충혼묘지 4·3추모비(박진경 추도비),9,9
1021,1022,예초리,9,9
1022,1023,조수리 농어촌체험마을,9,9
1023,1024,제주어울림감귤체험농장,9,9
1024,1025,북촌리 4.3길,9,9
1025,1026,새시물,9,9
1026,1027,마흐니 숲길,9,9
1027,1028,마복이오름,9,9
1028,1029,제주잠수함(국제리더스클럽),9,9
1029,1030,예초리해변,9,9
1030,1031,상추자포구,9,9
1031,1032,송령이골,9,9
1032,1033,노을해안1014,9,9
1033,1034,관음사 군 주둔지 옛터,9,9
1034,1035,김서프제주,9,9
1035,1036,일출랜드 아트센터,9,9
1036,1037,조일구락부 옛터,9,9
1037,1038,꿈바당 어린이도서관,9,9
1038,1039,제주아트센터,9,9
1039,1040,원동,9,9
1040,1041,통일관,9,9
1041,1042,조천중학원 옛터,9,9
1042,1043,육시우영,9,9
1043,1044,제스피 맥주협동조합 양조장,9,9
1044,1045,신흥리 동백 & 향나무길,9,9
1045,1046,삼양방파제,9,9
1046,1047,송악힐링풋스킨,9,9
1047,1048,만벵듸 공동장지,9,9
1048,1049,피크닉메이트,9,9
1049,1050,제주농업학교 옛터,9,9
1050,1051,나틸다,9,9
1051,1052,도령모루,9,9
1052,1053,공방:하루_반,9,9
1053,1054,산지항 옛터,9,9
1054,1055,오페라 옴니아 : 라파엘로展,9,9
1055,1056,제주친구,9,9
1056,1057,현의합장묘역,9,9
1057,1058,우도징기스칸승마체험,9,9
1058,1059,옥돔마을,9,9
1059,1060,오림반,9,9
1060,1061,삼밭구석 & 동광리4·3희생자위령비,9,9
1061,1062,솔담한방병원,9,9
1062,1063,고포잇다이브센터,9,9
1063,1064,그제바람 윈드서핑패들보드,9,9
1064,1065,제주햇살농원,9,9
1065,1066,서중천탐방로,9,9
1066,1067,남원항 (남원포구),9,9
1067,1068,감귤박물관 월라봉 산책로 - 생이소리길,9,9
1068,1069,월라봉 진지동굴 (안덕면),9,9
1069,1070,케이제주해양사업단,9,9
1070,1071,율랜드 다이브센터,9,9
1071,1072,김한미술관 & 카페3206,9,9
1072,1073,M1971 요트투어,9,9
1073,1074,우포토 시네마 갤러리 카페,9,9
1074,1075,낙천아홉굿마을 의자공원,9,9
1075,1076,종달고망난돌쉼터,9,9
1076,1077,알제이,9,9
1077,1078,고씨주택,9,9
1078,1079,서영아리오름 / 용와이오름,9,9
1079,1080,고요산책,9,9
1080,1081,제로스테이션(제로포인트트레일),9,9
1081,1082,서부두명품횟집거리,9,9
1082,1083,제주중앙성당,9,9
1083,1084,영등할망 신화공원,9,9
1084,1085,헌마공신김만일기념관,9,9
1085,1086,훈데르트바서파크,9,9
1086,1087,세화소품관,9,9
1087,1088,무비랜드왁스뮤지엄,9,9
1088,1089,제주양떼목장,9,9
